,Column1,pclass,survived,name,sex,age,sibsp,parch,ticket,fare,cabin,embarked,body
0,0,1,1,21,0,29.0,0,0,187,211.3375,43,2,160.8099173553719
1,1,1,1,23,1,0.9167,1,2,49,151.55,79,2,160.8099173553719
2,2,1,0,24,0,2.0,1,2,49,151.55,79,2,160.8099173553719
3,3,1,0,25,1,30.0,1,2,49,151.55,79,2,135.0
4,4,1,0,26,0,25.0,1,2,49,151.55,79,2,160.8099173553719
5,5,1,1,30,1,48.0,0,0,124,26.55,149,2,160.8099173553719
6,6,1,1,45,0,63.0,1,0,92,77.9583,145,2,160.8099173553719
7,7,1,0,46,1,39.0,0,0,15,0.0,15,2,160.8099173553719
8,8,1,1,50,0,53.0,2,0,76,51.4792,61,2,160.8099173553719
9,9,1,0,54,1,71.0,0,0,825,49.5042,186,0,22.0
10,10,1,0,68,1,47.0,1,0,833,227.525,97,0,124.0
11,11,1,1,69,0,18.0,1,0,833,227.525,97,0,160.8099173553719
12,12,1,1,72,0,24.0,0,0,795,69.3,33,0,160.8099173553719
13,13,1,1,92,0,26.0,0,0,118,78.85,186,2,160.8099173553719
14,14,1,1,93,1,80.0,0,0,296,30.0,8,2,160.8099173553719
15,15,1,0,97,1,29.8811345124283,0,0,790,25.925,186,2,160.8099173553719
16,16,1,0,98,1,24.0,0,1,800,247.5208,48,0,160.8099173553719
17,17,1,1,99,0,50.0,0,1,800,247.5208,48,0,160.8099173553719
18,18,1,1,100,0,32.0,0,0,81,76.2917,120,0,160.8099173553719
19,19,1,0,103,1,36.0,0,0,88,75.2417,96,0,160.8099173553719
20,20,1,1,110,1,37.0,1,1,70,52.5542,131,2,160.8099173553719
21,21,1,1,111,0,47.0,1,1,70,52.5542,131,2,160.8099173553719
22,22,1,1,113,1,26.0,0,0,11,30.0,77,0,160.8099173553719
23,23,1,1,120,0,42.0,0,0,833,227.525,186,0,160.8099173553719
24,24,1,1,122,0,29.0,0,0,797,221.7792,115,2,160.8099173553719
25,25,1,0,124,1,25.0,0,0,99,26.0,186,0,148.0
26,26,1,1,125,1,25.0,1,0,82,91.0792,42,0,160.8099173553719
27,27,1,1,126,0,19.0,1,0,82,91.0792,42,0,160.8099173553719
28,28,1,1,127,0,35.0,0,0,836,135.6333,116,2,160.8099173553719
29,29,1,1,129,1,28.0,0,0,5,26.55,92,2,160.8099173553719
30,30,1,0,130,1,45.0,0,0,51,35.5,185,2,160.8099173553719
31,31,1,1,131,1,40.0,0,0,21,31.0,12,0,160.8099173553719
32,32,1,1,132,0,30.0,0,0,626,164.8667,100,2,160.8099173553719
33,33,1,1,133,0,58.0,0,0,50,26.55,62,2,160.8099173553719
34,34,1,0,134,1,42.0,0,0,4,26.55,125,2,160.8099173553719
35,35,1,1,144,0,45.0,0,0,824,262.375,186,0,160.8099173553719
36,36,1,1,147,0,22.0,0,1,38,55.0,155,2,160.8099173553719
37,37,1,1,150,1,29.8811345124283,0,0,13,26.55,186,2,160.8099173553719
38,38,1,0,151,1,41.0,0,0,32,30.5,7,2,160.8099173553719
39,39,1,0,153,1,48.0,0,0,808,50.4958,20,0,208.0
40,40,1,0,156,1,29.8811345124283,0,0,24,39.6,186,0,160.8099173553719
41,41,1,1,162,0,44.0,0,0,826,27.7208,38,0,160.8099173553719
42,42,1,1,163,0,59.0,2,0,76,51.4792,61,2,160.8099173553719
43,43,1,1,169,0,60.0,0,0,81,76.2917,120,0,160.8099173553719
44,44,1,1,171,0,41.0,0,0,105,134.5,160,0,160.8099173553719
45,45,1,0,175,1,45.0,0,0,30,26.55,36,2,160.8099173553719
46,46,1,0,182,1,29.8811345124283,0,0,62,31.0,186,2,160.8099173553719
47,47,1,1,183,1,42.0,0,0,794,26.2875,152,2,160.8099173553719
48,48,1,1,193,0,53.0,0,0,822,27.4458,186,0,160.8099173553719
49,49,1,1,198,1,36.0,0,1,831,512.3292,45,0,160.8099173553719
50,50,1,1,199,0,58.0,0,1,831,512.3292,45,0,160.8099173553719
51,51,1,0,202,1,33.0,0,0,688,5.0,45,2,160.8099173553719
52,52,1,0,205,1,28.0,0,0,35,47.1,186,2,160.8099173553719
53,53,1,0,206,1,17.0,0,0,35,47.1,186,2,160.8099173553719
54,54,1,1,207,1,11.0,1,2,43,120.0,60,2,160.8099173553719
55,55,1,1,208,0,14.0,1,2,43,120.0,60,2,160.8099173553719
56,56,1,1,209,1,36.0,1,2,43,120.0,60,2,160.8099173553719
57,57,1,1,211,0,36.0,1,2,43,120.0,60,2,160.8099173553719
58,58,1,0,214,1,49.0,0,0,119,26.0,186,2,160.8099173553719
59,59,1,1,215,0,29.8811345124283,0,0,117,27.7208,186,0,160.8099173553719
60,60,1,0,216,1,36.0,1,0,118,78.85,87,2,172.0
61,61,1,1,217,0,76.0,1,0,118,78.85,87,2,160.8099173553719
62,62,1,0,219,1,46.0,1,0,926,61.175,154,2,160.8099173553719
63,63,1,1,220,0,47.0,1,0,926,61.175,154,2,160.8099173553719
64,64,1,1,221,1,27.0,1,0,67,53.1,173,2,160.8099173553719
65,65,1,1,222,0,33.0,1,0,67,53.1,173,2,160.8099173553719
66,66,1,1,227,0,36.0,0,0,824,262.375,49,0,160.8099173553719
67,67,1,1,228,0,30.0,0,0,0,86.5,53,2,160.8099173553719
68,68,1,1,229,1,45.0,0,0,811,29.7,19,0,160.8099173553719
69,69,1,1,230,0,29.8811345124283,0,1,38,55.0,155,2,160.8099173553719
70,70,1,0,232,1,29.8811345124283,0,0,16,0.0,186,2,160.8099173553719
71,71,1,0,238,1,27.0,1,0,94,136.7792,109,0,160.8099173553719
72,72,1,1,239,0,26.0,1,0,94,136.7792,109,0,160.8099173553719
73,73,1,1,242,0,22.0,0,0,49,151.55,186,2,160.8099173553719
74,74,1,0,243,1,29.8811345124283,0,0,2,52.0,2,2,160.8099173553719
75,75,1,0,252,1,47.0,0,0,679,25.5875,167,2,160.8099173553719
76,76,1,1,256,0,39.0,1,1,832,83.1583,164,0,160.8099173553719
77,77,1,0,257,1,37.0,1,1,832,83.1583,166,0,160.8099173553719
78,78,1,1,258,0,64.0,0,2,832,83.1583,162,0,160.8099173553719
79,79,1,1,271,0,55.0,2,0,77,25.7,61,2,160.8099173553719
80,80,1,0,277,1,29.8811345124283,0,0,57,26.55,186,2,160.8099173553719
81,81,1,0,281,1,70.0,1,1,928,71.0,27,2,269.0
82,82,1,1,282,0,36.0,0,2,928,71.0,27,2,160.8099173553719
83,83,1,1,283,0,64.0,1,1,25,26.55,29,2,160.8099173553719
84,84,1,0,285,1,39.0,1,0,816,71.2833,106,0,160.8099173553719
85,85,1,1,286,0,38.0,1,0,816,71.2833,106,0,160.8099173553719
86,86,1,1,294,1,51.0,0,0,33,26.55,151,2,160.8099173553719
87,87,1,1,298,1,27.0,0,0,66,30.5,186,2,160.8099173553719
88,88,1,1,299,0,33.0,0,0,49,151.55,186,2,160.8099173553719
89,89,1,0,302,1,31.0,1,0,779,52.0,51,2,160.8099173553719
90,90,1,1,303,0,27.0,1,2,779,52.0,51,2,160.8099173553719
91,91,1,1,327,1,31.0,1,0,113,57.0,26,2,160.8099173553719
92,92,1,1,328,0,17.0,1,0,113,57.0,26,2,160.8099173553719
93,93,1,1,332,1,53.0,1,1,398,81.8583,14,2,160.8099173553719
94,94,1,1,333,1,4.0,0,2,398,81.8583,14,2,160.8099173553719
95,95,1,1,334,0,54.0,1,1,398,81.8583,14,2,160.8099173553719
96,96,1,0,340,1,50.0,1,0,837,106.425,107,0,62.0
97,97,1,1,341,0,27.0,1,1,800,247.5208,48,0,160.8099173553719
98,98,1,1,342,0,48.0,1,0,837,106.425,107,0,160.8099173553719
99,99,1,1,352,0,48.0,1,0,73,39.6,3,0,160.8099173553719
100,100,1,1,353,1,49.0,1,0,798,56.9292,6,0,160.8099173553719
101,101,1,0,354,1,39.0,0,0,804,29.7,4,0,133.0
102,102,1,1,360,0,23.0,0,1,75,83.1583,94,0,160.8099173553719
103,103,1,1,373,0,38.0,0,0,833,227.525,86,0,160.8099173553719
104,104,1,1,374,0,54.0,1,0,627,78.2667,123,0,160.8099173553719
105,105,1,0,375,0,36.0,0,0,799,31.6792,11,0,160.8099173553719
106,106,1,0,379,1,29.8811345124283,0,0,797,221.7792,114,2,160.8099173553719
107,107,1,1,385,0,29.8811345124283,0,0,815,31.6833,186,2,160.8099173553719
108,108,1,1,387,0,29.8811345124283,0,0,107,110.8833,186,0,160.8099173553719
109,109,1,1,390,1,36.0,0,0,792,26.3875,153,2,160.8099173553719
110,110,1,0,400,1,30.0,0,0,31,27.75,67,0,160.8099173553719
111,111,1,1,401,0,24.0,3,2,123,263.0,80,2,160.8099173553719
112,112,1,1,402,0,28.0,3,2,123,263.0,80,2,160.8099173553719
113,113,1,1,403,0,23.0,3,2,123,263.0,80,2,160.8099173553719
114,114,1,0,404,1,19.0,3,2,123,263.0,80,2,160.8099173553719
115,115,1,0,405,1,64.0,1,4,123,263.0,80,2,160.8099173553719
116,116,1,1,406,0,60.0,1,4,123,263.0,80,2,160.8099173553719
117,117,1,1,409,0,30.0,0,0,798,56.9292,157,0,160.8099173553719
118,118,1,0,411,1,29.8811345124283,0,0,47,26.55,130,2,160.8099173553719
119,119,1,1,412,1,50.0,2,0,827,133.65,186,2,160.8099173553719
120,120,1,1,413,1,43.0,1,0,116,27.7208,135,0,160.8099173553719
121,121,1,1,414,0,29.8811345124283,1,0,827,133.65,186,2,160.8099173553719
122,122,1,1,415,0,22.0,0,2,97,49.5,37,0,160.8099173553719
123,123,1,1,416,1,60.0,1,1,96,79.2,39,0,160.8099173553719
124,124,1,1,417,0,48.0,1,1,96,79.2,39,0,160.8099173553719
125,125,1,0,419,1,29.8811345124283,0,0,19,0.0,22,2,160.8099173553719
126,126,1,0,421,1,37.0,1,0,65,53.1,70,2,160.8099173553719
127,127,1,1,422,0,35.0,1,0,65,53.1,70,2,160.8099173553719
128,128,1,0,431,1,47.0,0,0,9,38.5,169,2,275.0
129,129,1,1,432,0,35.0,0,0,37,211.5,75,0,160.8099173553719
130,130,1,1,434,0,22.0,0,1,23,59.4,186,0,160.8099173553719
131,131,1,1,435,0,45.0,0,1,23,59.4,186,0,160.8099173553719
132,132,1,0,436,1,24.0,0,0,810,79.2,58,0,160.8099173553719
133,133,1,1,447,1,49.0,1,0,108,89.1042,112,0,160.8099173553719
134,134,1,1,448,0,29.8811345124283,1,0,108,89.1042,112,0,160.8099173553719
135,135,1,0,449,1,71.0,0,0,830,34.6542,16,0,160.8099173553719
136,136,1,1,463,1,53.0,0,0,48,28.5,91,0,160.8099173553719
137,137,1,1,464,0,19.0,0,0,18,30.0,40,2,160.8099173553719
138,138,1,0,465,1,38.0,0,1,805,153.4625,111,2,147.0
139,139,1,1,466,0,58.0,0,1,805,153.4625,72,2,160.8099173553719
140,140,1,1,469,1,23.0,0,1,835,63.3583,118,0,160.8099173553719
141,141,1,1,470,0,45.0,0,1,835,63.3583,118,0,160.8099173553719
142,142,1,0,473,1,46.0,0,0,810,79.2,57,0,160.8099173553719
143,143,1,1,494,1,25.0,1,0,74,55.4417,165,0,160.8099173553719
144,144,1,1,495,0,25.0,1,0,74,55.4417,165,0,160.8099173553719
145,145,1,1,499,1,48.0,1,0,803,76.7292,129,0,160.8099173553719
146,146,1,1,500,0,49.0,1,0,803,76.7292,129,0,160.8099173553719
147,147,1,0,502,1,29.8811345124283,0,0,61,42.4,186,2,160.8099173553719
148,148,1,0,504,1,45.0,1,0,630,83.475,105,2,160.8099173553719
149,149,1,1,506,0,35.0,1,0,630,83.475,105,2,160.8099173553719
150,150,1,0,507,1,40.0,0,0,20,0.0,59,2,110.0
151,151,1,1,512,1,27.0,0,0,803,76.7292,141,0,160.8099173553719
152,152,1,1,514,1,29.8811345124283,0,0,106,30.0,137,2,160.8099173553719
153,153,1,1,515,0,24.0,0,0,75,83.1583,94,0,160.8099173553719
154,154,1,0,516,1,55.0,1,1,86,93.5,50,2,307.0
155,155,1,1,517,0,52.0,1,1,86,93.5,50,2,160.8099173553719
156,156,1,0,518,1,42.0,0,0,27,42.5,23,2,160.8099173553719
157,157,1,0,537,1,29.8811345124283,0,0,109,51.8625,163,2,160.8099173553719
158,158,1,0,539,1,55.0,0,0,685,50.0,85,2,160.8099173553719
159,159,1,1,540,0,16.0,0,1,10,57.9792,24,0,160.8099173553719
160,160,1,1,541,0,44.0,0,1,10,57.9792,24,0,160.8099173553719
161,161,1,1,549,0,51.0,1,0,92,77.9583,119,2,160.8099173553719
162,162,1,0,554,1,42.0,1,0,55,52.0,186,2,38.0
163,163,1,1,555,0,35.0,1,0,55,52.0,186,2,160.8099173553719
164,164,1,1,556,1,35.0,0,0,12,26.55,186,0,160.8099173553719
165,165,1,1,564,1,38.0,1,0,121,90.0,113,2,160.8099173553719
166,166,1,0,565,1,29.8811345124283,0,0,817,30.6958,186,0,160.8099173553719
167,167,1,1,566,0,35.0,1,0,121,90.0,113,2,160.8099173553719
168,168,1,1,571,0,38.0,0,0,42,80.0,30,3,160.8099173553719
169,169,1,0,576,0,50.0,0,0,812,28.7125,89,0,160.8099173553719
170,170,1,1,577,1,49.0,0,0,19,0.0,46,2,160.8099173553719
171,171,1,0,610,1,46.0,0,0,687,26.0,186,2,80.0
172,172,1,0,614,1,50.0,0,0,29,26.0,168,2,160.8099173553719
173,173,1,0,635,1,32.5,0,0,37,211.5,76,0,45.0
174,174,1,0,641,1,58.0,0,0,78,29.7,35,0,258.0
175,175,1,0,642,1,41.0,1,0,110,51.8625,124,2,160.8099173553719
176,176,1,1,643,0,29.8811345124283,1,0,110,51.8625,124,2,160.8099173553719
177,177,1,1,649,1,42.0,1,0,72,52.5542,122,2,160.8099173553719
178,178,1,1,650,0,45.0,1,0,72,52.5542,122,2,160.8099173553719
179,179,1,0,657,1,29.8811345124283,0,0,26,26.55,71,2,160.8099173553719
180,180,1,1,664,0,39.0,0,0,187,211.3375,186,2,160.8099173553719
181,181,1,1,685,0,49.0,0,0,111,25.9292,121,2,160.8099173553719
182,182,1,1,684,0,30.0,0,0,837,106.425,186,0,160.8099173553719
183,183,1,1,701,1,35.0,0,0,831,512.3292,21,0,160.8099173553719
184,184,1,0,703,1,29.8811345124283,0,0,828,27.7208,186,0,160.8099173553719
185,185,1,0,708,1,42.0,0,0,114,26.55,186,2,160.8099173553719
186,186,1,1,712,0,55.0,0,0,22,27.7208,186,0,160.8099173553719
187,187,1,1,714,0,16.0,0,1,809,39.4,127,2,160.8099173553719
188,188,1,1,715,0,51.0,0,1,809,39.4,127,2,160.8099173553719
189,189,1,0,722,1,29.0,0,0,36,30.0,144,2,126.0
190,190,1,1,723,0,21.0,0,0,92,77.9583,146,2,160.8099173553719
191,191,1,0,724,1,30.0,0,0,64,45.5,186,2,160.8099173553719
192,192,1,1,732,0,58.0,0,0,802,146.5208,56,0,160.8099173553719
193,193,1,1,737,0,15.0,0,1,187,211.3375,43,2,160.8099173553719
194,194,1,0,740,1,30.0,0,0,3,26.0,65,2,160.8099173553719
195,195,1,1,743,0,16.0,0,0,0,86.5,55,2,160.8099173553719
196,196,1,1,755,1,29.8811345124283,0,0,79,29.7,88,0,160.8099173553719
197,197,1,0,758,1,19.0,1,0,45,53.1,128,2,160.8099173553719
198,198,1,1,759,0,18.0,1,0,45,53.1,128,2,160.8099173553719
199,199,1,1,764,0,24.0,0,0,796,49.5042,110,0,160.8099173553719
200,200,1,0,765,1,46.0,0,0,88,75.2417,96,0,292.0
201,201,1,0,767,1,54.0,0,0,109,51.8625,163,2,175.0
202,202,1,1,776,1,36.0,0,0,791,26.2875,153,2,160.8099173553719
203,203,1,0,793,1,28.0,1,0,820,82.1708,186,0,160.8099173553719
204,204,1,1,794,0,29.8811345124283,1,0,820,82.1708,186,0,160.8099173553719
205,205,1,0,797,1,65.0,0,0,95,26.55,158,2,249.0
206,206,1,0,799,1,44.0,2,0,120,90.0,102,1,230.0
207,207,1,1,800,0,33.0,1,0,120,90.0,102,1,160.8099173553719
208,208,1,1,801,0,37.0,1,0,120,90.0,102,1,160.8099173553719
209,209,1,1,807,1,30.0,1,0,91,57.75,102,0,160.8099173553719
210,210,1,0,810,1,55.0,0,0,53,30.5,82,2,160.8099173553719
211,211,1,0,814,1,47.0,0,0,61,42.4,186,2,160.8099173553719
212,212,1,0,848,1,37.0,0,1,813,29.7,69,0,160.8099173553719
213,213,1,1,855,0,31.0,1,0,573,113.275,132,0,160.8099173553719
214,214,1,1,856,0,23.0,1,0,573,113.275,132,0,160.8099173553719
215,215,1,0,857,1,58.0,0,2,573,113.275,140,0,122.0
216,216,1,1,858,0,19.0,0,2,71,26.2833,139,2,160.8099173553719
217,217,1,0,860,1,64.0,0,0,686,26.0,186,2,263.0
218,218,1,1,891,0,39.0,0,0,834,108.9,64,0,160.8099173553719
219,219,1,1,900,1,29.8811345124283,0,0,780,25.7417,186,0,160.8099173553719
220,220,1,1,906,0,22.0,0,1,39,61.9792,34,0,160.8099173553719
221,221,1,0,907,1,65.0,0,1,39,61.9792,32,0,234.0
222,222,1,0,909,1,28.5,0,0,801,27.7208,136,0,189.0
223,223,1,0,927,1,29.8811345124283,0,0,17,0.0,186,2,160.8099173553719
224,224,1,0,929,1,45.5,0,0,28,28.5,71,2,166.0
225,225,1,0,934,1,23.0,0,0,86,93.5,28,2,160.8099173553719
226,226,1,0,939,1,29.0,1,0,46,66.6,78,2,160.8099173553719
227,227,1,1,940,0,22.0,1,0,46,66.6,78,2,160.8099173553719
228,228,1,0,945,1,18.0,1,0,834,108.9,98,0,160.8099173553719
229,229,1,1,946,0,17.0,1,0,834,108.9,98,0,160.8099173553719
230,230,1,1,950,0,30.0,0,0,86,93.5,52,2,160.8099173553719
231,231,1,1,963,1,52.0,0,0,52,30.5,63,2,160.8099173553719
232,232,1,0,974,1,47.0,0,0,2,52.0,66,2,207.0
233,233,1,1,975,0,56.0,0,1,75,83.1583,90,0,160.8099173553719
234,234,1,0,988,1,38.0,0,0,125,0.0,186,2,160.8099173553719
235,235,1,1,991,1,29.8811345124283,0,0,823,39.6,186,2,160.8099173553719
236,236,1,0,1004,1,22.0,0,0,836,135.6333,186,0,232.0
237,237,1,0,1009,1,29.8811345124283,0,0,833,227.525,186,0,160.8099173553719
238,238,1,1,1010,0,43.0,0,1,187,211.3375,31,2,160.8099173553719
239,239,1,0,1013,1,31.0,0,0,807,50.4958,9,2,160.8099173553719
240,240,1,1,1016,1,45.0,0,0,14,26.55,186,2,160.8099173553719
241,241,1,0,1018,1,29.8811345124283,0,0,44,50.0,13,2,160.8099173553719
242,242,1,1,1022,0,33.0,0,0,829,27.7208,1,0,160.8099173553719
243,243,1,0,1023,1,46.0,0,0,806,79.2,186,0,16.0
244,244,1,0,1024,1,36.0,0,0,87,40.125,0,0,160.8099173553719
245,245,1,1,1026,0,33.0,0,0,0,86.5,53,2,160.8099173553719
246,246,1,0,1027,1,55.0,1,0,819,59.4,186,0,160.8099173553719
247,247,1,1,1028,0,54.0,1,0,819,59.4,186,0,160.8099173553719
248,248,1,0,1030,1,33.0,0,0,56,26.55,186,2,109.0
249,249,1,1,1035,1,13.0,2,2,824,262.375,47,0,160.8099173553719
250,250,1,1,1036,0,18.0,2,2,824,262.375,47,0,160.8099173553719
251,251,1,1,1037,0,21.0,2,2,824,262.375,47,0,160.8099173553719
252,252,1,0,1038,1,61.0,1,3,824,262.375,47,0,160.8099173553719
253,253,1,1,1039,0,48.0,1,3,824,262.375,47,0,160.8099173553719
254,254,1,1,1043,1,29.8811345124283,0,0,126,30.5,65,2,160.8099173553719
255,255,1,1,1058,0,24.0,0,0,795,69.3,33,0,160.8099173553719
256,256,1,1,1061,1,29.8811345124283,0,0,7,26.0,186,2,160.8099173553719
257,257,1,1,1073,0,35.0,1,0,91,57.75,81,0,160.8099173553719
258,258,1,1,1077,0,30.0,0,0,62,31.0,186,0,160.8099173553719
259,259,1,1,1078,1,34.0,0,0,59,26.55,186,2,160.8099173553719
260,260,1,1,1086,0,40.0,0,0,805,153.4625,72,2,160.8099173553719
261,261,1,1,1088,1,35.0,0,0,793,26.2875,152,2,160.8099173553719
262,262,1,0,1089,1,50.0,1,0,93,55.9,161,2,160.8099173553719
263,263,1,1,1090,0,39.0,1,0,93,55.9,161,2,160.8099173553719
264,264,1,1,1092,1,56.0,0,0,89,35.5,10,0,160.8099173553719
265,265,1,1,1111,1,28.0,0,0,54,35.5,17,2,160.8099173553719
266,266,1,0,1112,1,56.0,0,0,58,26.55,186,2,160.8099173553719
267,267,1,0,1115,1,56.0,0,0,115,30.6958,18,0,160.8099173553719
268,268,1,0,1116,1,24.0,1,0,98,60.0,83,2,160.8099173553719
269,269,1,0,1117,1,29.8811345124283,0,0,34,26.0,5,2,160.8099173553719
270,270,1,1,1119,0,18.0,1,0,98,60.0,83,2,160.8099173553719
271,271,1,1,1121,1,24.0,1,0,131,82.2667,41,2,160.8099173553719
272,272,1,1,1122,0,23.0,1,0,131,82.2667,41,2,160.8099173553719
273,273,1,1,1127,1,6.0,0,2,105,134.5,156,0,160.8099173553719
274,274,1,1,1128,1,45.0,1,1,105,134.5,156,0,160.8099173553719
275,275,1,1,1129,0,40.0,1,1,105,134.5,156,0,160.8099173553719
276,276,1,0,1130,1,57.0,1,0,802,146.5208,54,0,160.8099173553719
277,277,1,1,1131,0,29.8811345124283,1,0,802,146.5208,54,0,160.8099173553719
278,278,1,1,1133,1,32.0,0,0,90,30.5,44,0,160.8099173553719
279,279,1,0,1139,1,62.0,0,0,41,26.55,108,2,160.8099173553719
280,280,1,1,1140,1,54.0,1,0,80,55.4417,68,0,160.8099173553719
281,281,1,1,1141,0,43.0,1,0,80,55.4417,68,0,160.8099173553719
282,282,1,1,1142,0,52.0,1,0,627,78.2667,123,0,160.8099173553719
283,283,1,0,1143,1,29.8811345124283,0,0,821,27.7208,186,0,160.8099173553719
284,284,1,1,1145,0,62.0,0,0,42,80.0,30,3,160.8099173553719
285,285,1,0,1150,1,67.0,1,0,797,221.7792,95,2,96.0
286,286,1,0,1151,0,63.0,1,0,797,221.7792,95,2,160.8099173553719
287,287,1,0,1158,1,61.0,0,0,628,32.3208,142,2,46.0
288,288,1,1,1164,0,48.0,0,0,112,25.9292,121,2,160.8099173553719
289,289,1,1,1165,0,18.0,0,2,1,79.65,171,2,160.8099173553719
290,290,1,0,1166,1,52.0,1,1,1,79.65,170,2,160.8099173553719
291,291,1,1,1167,0,39.0,1,1,1,79.65,170,2,160.8099173553719
292,292,1,1,1168,1,48.0,1,0,127,52.0,73,2,160.8099173553719
293,293,1,1,1169,0,29.8811345124283,1,0,127,52.0,73,2,160.8099173553719
294,294,1,0,1171,1,49.0,1,1,107,110.8833,99,0,160.8099173553719
295,295,1,1,1172,1,17.0,0,2,107,110.8833,101,0,160.8099173553719
296,296,1,1,1173,0,39.0,1,1,107,110.8833,99,0,160.8099173553719
297,297,1,1,1181,0,29.8811345124283,0,0,806,79.2,186,0,160.8099173553719
298,298,1,1,1199,1,31.0,0,0,227,28.5375,93,0,160.8099173553719
299,299,1,0,1205,1,40.0,0,0,818,27.7208,186,0,160.8099173553719
300,300,1,0,1209,1,61.0,0,0,8,33.5,25,2,245.0
301,301,1,0,1225,1,47.0,0,0,629,34.0208,138,2,160.8099173553719
302,302,1,1,1226,0,35.0,0,0,831,512.3292,186,0,160.8099173553719
303,303,1,0,1232,1,64.0,1,0,6,75.25,133,0,160.8099173553719
304,304,1,1,1233,0,60.0,1,0,6,75.25,133,0,160.8099173553719
305,305,1,0,1239,1,60.0,0,0,63,26.55,186,2,160.8099173553719
306,306,1,0,1253,1,54.0,0,1,574,77.2875,126,2,160.8099173553719
307,307,1,0,1254,1,21.0,0,1,574,77.2875,126,2,169.0
308,308,1,1,1255,0,55.0,0,0,836,135.6333,84,0,160.8099173553719
309,309,1,1,1256,0,31.0,0,2,626,164.8667,100,2,160.8099173553719
310,310,1,0,1257,1,57.0,1,1,626,164.8667,186,2,160.8099173553719
311,311,1,1,1258,0,45.0,1,1,626,164.8667,186,2,160.8099173553719
312,312,1,0,1260,1,50.0,1,1,37,211.5,103,0,160.8099173553719
313,313,1,0,1261,1,27.0,0,2,37,211.5,104,0,160.8099173553719
314,314,1,1,1262,0,50.0,1,1,37,211.5,103,0,160.8099173553719
315,315,1,1,1267,0,21.0,0,0,60,26.55,186,2,160.8099173553719
316,316,1,0,1270,1,51.0,0,1,814,61.3792,186,0,160.8099173553719
317,317,1,1,1274,1,21.0,0,1,814,61.3792,186,0,160.8099173553719
318,318,1,0,1275,1,29.8811345124283,0,0,40,35.0,74,2,160.8099173553719
319,319,1,1,1276,0,31.0,0,0,105,134.5,159,0,160.8099173553719
320,320,1,1,1281,1,29.8811345124283,0,0,122,35.5,92,2,160.8099173553719
321,321,1,0,1283,1,62.0,0,0,68,26.55,186,2,160.8099173553719
322,322,1,1,1286,0,36.0,0,0,836,135.6333,84,0,160.8099173553719
323,323,2,0,6,1,30.0,1,0,789,24.0,186,0,160.8099173553719
324,324,2,1,7,0,28.0,1,0,789,24.0,186,0,160.8099173553719
325,325,2,0,16,1,30.0,0,0,213,13.0,186,2,160.8099173553719
326,326,2,0,43,1,18.0,0,0,150,11.5,186,2,160.8099173553719
327,327,2,0,44,1,25.0,0,0,765,10.5,186,2,160.8099173553719
328,328,2,0,48,1,34.0,1,0,142,26.0,186,2,160.8099173553719
329,329,2,1,49,0,36.0,1,0,142,26.0,186,2,160.8099173553719
330,330,2,0,55,1,57.0,0,0,195,13.0,186,2,160.8099173553719
331,331,2,0,84,1,18.0,0,0,323,11.5,186,2,160.8099173553719
332,332,2,0,85,1,23.0,0,0,760,10.5,186,2,160.8099173553719
333,333,2,1,87,0,36.0,0,0,312,13.0,117,2,160.8099173553719
334,334,2,0,88,1,28.0,0,0,774,10.5,186,2,160.8099173553719
335,335,2,0,96,1,51.0,0,0,848,12.525,186,2,174.0
336,336,2,1,101,1,32.0,1,0,317,26.0,186,2,160.8099173553719
337,337,2,1,102,0,19.0,1,0,317,26.0,186,2,160.8099173553719
338,338,2,0,104,1,28.0,0,0,196,26.0,186,2,160.8099173553719
339,339,2,1,106,1,1.0,2,1,146,39.0,183,2,160.8099173553719
340,340,2,1,107,0,4.0,2,1,146,39.0,183,2,160.8099173553719
341,341,2,1,108,0,12.0,2,1,146,39.0,183,2,160.8099173553719
342,342,2,1,109,0,36.0,0,3,146,39.0,183,2,160.8099173553719
343,343,2,1,112,1,34.0,0,0,203,13.0,143,2,160.8099173553719
344,344,2,1,115,0,19.0,0,0,309,13.0,186,2,160.8099173553719
345,345,2,0,117,1,23.0,0,0,311,13.0,186,2,160.8099173553719
346,346,2,0,136,1,26.0,0,0,170,13.0,186,2,160.8099173553719
347,347,2,0,146,1,42.0,0,0,129,13.0,186,2,160.8099173553719
348,348,2,0,148,1,27.0,0,0,136,13.0,186,2,160.8099173553719
349,349,2,1,159,0,24.0,0,0,209,13.0,181,2,160.8099173553719
350,350,2,1,160,0,15.0,0,2,325,39.0,186,2,160.8099173553719
351,351,2,0,161,1,60.0,1,1,325,39.0,186,2,160.8099173553719
352,352,2,1,164,0,40.0,1,1,325,39.0,186,2,160.8099173553719
353,353,2,1,165,0,20.0,1,0,162,26.0,186,2,160.8099173553719
354,354,2,0,166,1,25.0,1,0,162,26.0,186,2,160.8099173553719
355,355,2,1,173,0,36.0,0,0,298,13.0,186,2,160.8099173553719
356,356,2,0,174,1,25.0,0,0,157,13.0,186,2,97.0
357,357,2,0,176,1,42.0,0,0,194,13.0,186,2,160.8099173553719
358,358,2,1,177,0,42.0,0,0,161,13.0,186,2,160.8099173553719
359,359,2,1,184,1,0.8333,0,2,211,29.0,186,2,160.8099173553719
360,360,2,1,185,1,26.0,1,1,211,29.0,186,2,160.8099173553719
361,361,2,1,186,0,22.0,1,1,211,29.0,186,2,160.8099173553719
362,362,2,1,189,0,35.0,0,0,781,21.0,186,2,160.8099173553719
363,363,2,0,190,1,29.8811345124283,0,0,178,0.0,186,2,160.8099173553719
364,364,2,0,197,1,19.0,0,0,310,13.0,186,2,18.0
365,365,2,0,210,0,44.0,1,0,191,26.0,186,2,160.8099173553719
366,366,2,0,212,1,54.0,1,0,191,26.0,186,2,160.8099173553719
367,367,2,0,223,1,52.0,0,0,208,13.5,186,2,130.0
368,368,2,0,224,1,37.0,1,0,855,26.0,186,2,17.0
369,369,2,0,225,0,29.0,1,0,855,26.0,186,2,160.8099173553719
370,370,2,1,234,0,25.0,1,1,175,30.0,186,2,160.8099173553719
371,371,2,1,235,0,45.0,0,2,175,30.0,186,2,160.8099173553719
372,372,2,0,240,1,29.0,1,0,128,26.0,186,2,160.8099173553719
373,373,2,1,241,0,28.0,1,0,128,26.0,186,2,160.8099173553719
374,374,2,0,249,1,29.0,0,0,921,10.5,186,2,160.8099173553719
375,375,2,0,250,1,28.0,0,0,212,13.0,186,2,160.8099173553719
376,376,2,1,251,1,24.0,0,0,300,10.5,186,2,160.8099173553719
377,377,2,1,253,0,8.0,0,2,761,26.25,186,2,160.8099173553719
378,378,2,0,254,1,31.0,1,1,761,26.25,186,2,160.8099173553719
379,379,2,1,255,0,31.0,1,1,761,26.25,186,2,160.8099173553719
380,380,2,1,264,0,22.0,0,0,922,10.5,181,2,160.8099173553719
381,381,2,0,268,0,30.0,0,0,165,13.0,186,2,160.8099173553719
382,382,2,0,269,0,29.8811345124283,0,0,784,21.0,186,2,160.8099173553719
383,383,2,0,272,1,21.0,0,0,322,11.5,186,2,160.8099173553719
384,384,2,0,287,1,29.8811345124283,0,0,178,0.0,186,2,160.8099173553719
385,385,2,1,304,1,8.0,1,1,763,36.75,186,2,160.8099173553719
386,386,2,0,306,1,18.0,0,0,847,73.5,186,2,160.8099173553719
387,387,2,1,310,0,48.0,0,2,763,36.75,186,2,160.8099173553719
388,388,2,1,311,0,28.0,0,0,169,13.0,186,2,160.8099173553719
389,389,2,0,1296,1,32.0,0,0,197,13.0,186,2,160.8099173553719
390,390,2,0,314,1,17.0,0,0,847,73.5,186,2,160.8099173553719
391,391,2,0,1301,1,29.0,1,0,866,27.7208,186,0,295.0
392,392,2,1,1302,0,24.0,1,0,866,27.7208,186,0,160.8099173553719
393,393,2,0,321,1,25.0,0,0,759,31.5,186,2,160.8099173553719
394,394,2,0,326,1,18.0,0,0,847,73.5,186,2,160.8099173553719
395,395,2,1,336,0,18.0,0,1,149,23.0,186,2,160.8099173553719
396,396,2,1,337,0,34.0,0,1,149,23.0,186,2,160.8099173553719
397,397,2,0,344,1,54.0,0,0,308,26.0,186,2,160.8099173553719
398,398,2,1,348,1,8.0,0,2,305,32.5,186,2,160.8099173553719
399,399,2,0,349,1,42.0,1,1,305,32.5,186,2,160.8099173553719
400,400,2,1,350,0,34.0,1,1,305,32.5,186,2,160.8099173553719
401,401,2,1,356,0,27.0,1,0,863,13.8583,186,0,160.8099173553719
402,402,2,1,357,0,30.0,1,0,862,13.8583,186,0,160.8099173553719
403,403,2,0,362,1,23.0,0,0,326,13.0,186,2,160.8099173553719
404,404,2,0,372,1,21.0,0,0,163,13.0,186,2,160.8099173553719
405,405,2,0,377,1,18.0,0,0,160,13.0,186,2,160.8099173553719
406,406,2,0,380,1,40.0,1,0,324,26.0,186,2,286.0
407,407,2,1,381,0,29.0,1,0,324,26.0,186,2,160.8099173553719
408,408,2,0,382,1,18.0,0,0,747,10.5,186,2,160.8099173553719
409,409,2,0,408,1,36.0,0,0,144,13.0,186,2,236.0
410,410,2,0,418,1,29.8811345124283,0,0,179,0.0,186,2,160.8099173553719
411,411,2,0,420,0,38.0,0,0,171,13.0,186,2,160.8099173553719
412,412,2,0,423,1,35.0,0,0,182,26.0,186,2,322.0
413,413,2,0,424,1,38.0,1,0,313,21.0,186,2,160.8099173553719
414,414,2,0,425,1,34.0,1,0,313,21.0,186,2,160.8099173553719
415,415,2,1,428,0,34.0,0,0,190,13.0,186,2,160.8099173553719
416,416,2,0,429,1,16.0,0,0,182,26.0,186,2,160.8099173553719
417,417,2,0,430,1,26.0,0,0,340,10.5,186,2,160.8099173553719
418,418,2,0,437,1,47.0,0,0,757,10.5,186,2,160.8099173553719
419,419,2,0,438,1,21.0,1,0,301,11.5,186,2,160.8099173553719
420,420,2,0,439,1,21.0,1,0,302,11.5,186,2,160.8099173553719
421,421,2,0,440,1,24.0,0,0,206,13.5,186,2,297.0
422,422,2,0,442,1,24.0,0,0,154,13.0,186,2,155.0
423,423,2,0,443,1,34.0,0,0,84,13.0,186,2,160.8099173553719
424,424,2,0,445,1,30.0,0,0,218,13.0,186,2,305.0
425,425,2,0,468,1,52.0,0,0,219,13.0,186,2,19.0
426,426,2,0,484,1,30.0,0,0,225,13.0,186,2,75.0
427,427,2,1,485,1,0.6667,1,1,221,14.5,186,2,160.8099173553719
428,428,2,1,486,0,24.0,0,2,221,14.5,186,2,160.8099173553719
429,429,2,0,493,1,44.0,0,0,214,13.0,186,2,35.0
430,430,2,1,498,0,6.0,0,1,207,33.0,186,2,160.8099173553719
431,431,2,0,501,1,28.0,0,1,207,33.0,186,2,160.8099173553719
432,432,2,1,503,1,62.0,0,0,850,10.5,186,2,160.8099173553719
433,433,2,0,505,1,30.0,0,0,927,10.5,186,2,160.8099173553719
434,434,2,1,508,0,7.0,0,2,782,26.25,186,2,160.8099173553719
435,435,2,0,509,1,43.0,1,1,782,26.25,186,2,160.8099173553719
436,436,2,1,511,0,45.0,1,1,782,26.25,186,2,160.8099173553719
437,437,2,1,529,0,24.0,1,2,138,65.0,186,2,160.8099173553719
438,438,2,1,530,0,24.0,1,2,138,65.0,186,2,160.8099173553719
439,439,2,0,531,1,49.0,1,2,138,65.0,186,2,160.8099173553719
440,440,2,1,532,0,48.0,1,2,138,65.0,186,2,160.8099173553719
441,441,2,1,533,0,55.0,0,0,204,16.0,186,2,160.8099173553719
442,442,2,0,534,1,24.0,2,0,847,73.5,186,2,160.8099173553719
443,443,2,0,535,1,32.0,2,0,847,73.5,186,2,256.0
444,444,2,0,536,1,21.0,2,0,847,73.5,186,2,160.8099173553719
445,445,2,0,538,0,18.0,1,1,222,13.0,186,2,160.8099173553719
446,446,2,1,544,0,20.0,2,1,320,23.0,186,2,160.8099173553719
447,447,2,0,545,1,23.0,2,1,319,11.5,186,2,160.8099173553719
448,448,2,0,546,1,36.0,0,0,188,13.0,186,2,160.8099173553719
449,449,2,1,547,0,54.0,1,3,320,23.0,186,2,160.8099173553719
450,450,2,0,548,1,50.0,0,0,216,13.0,186,2,149.0
451,451,2,0,550,1,44.0,1,0,265,26.0,186,2,160.8099173553719
452,452,2,1,551,0,29.0,1,0,265,26.0,186,2,160.8099173553719
453,453,2,0,558,1,21.0,0,0,847,73.5,186,2,160.8099173553719
454,454,2,1,560,1,42.0,0,0,176,13.0,186,2,160.8099173553719
455,455,2,0,562,1,63.0,1,0,185,26.0,186,2,160.8099173553719
456,456,2,0,563,0,60.0,1,0,185,26.0,186,2,160.8099173553719
457,457,2,0,568,1,33.0,0,0,870,12.275,186,2,160.8099173553719
458,458,2,1,572,0,17.0,0,0,871,10.5,186,2,160.8099173553719
459,459,2,0,579,1,42.0,1,0,189,27.0,186,2,160.8099173553719
460,460,2,1,580,0,24.0,2,1,189,27.0,186,2,160.8099173553719
461,461,2,0,584,1,47.0,0,0,168,15.0,186,2,160.8099173553719
462,462,2,0,585,1,24.0,2,0,759,31.5,186,2,160.8099173553719
463,463,2,0,586,1,22.0,2,0,759,31.5,186,2,160.8099173553719
464,464,2,0,587,1,32.0,0,0,762,10.5,186,2,160.8099173553719
465,465,2,1,592,0,23.0,0,0,857,13.7917,117,0,160.8099173553719
466,466,2,0,620,1,34.0,1,0,199,26.0,186,2,283.0
467,467,2,1,621,0,24.0,1,0,199,26.0,186,2,160.8099173553719
468,468,2,0,626,0,22.0,0,0,784,21.0,186,2,160.8099173553719
469,469,2,1,631,0,29.8811345124283,0,0,141,12.35,148,1,160.8099173553719
470,470,2,0,633,1,35.0,0,0,153,12.35,186,1,160.8099173553719
471,471,2,1,639,0,45.0,0,0,140,13.5,186,2,160.8099173553719
472,472,2,0,656,1,57.0,0,0,135,12.35,186,1,160.8099173553719
473,473,2,0,661,1,29.8811345124283,0,0,180,0.0,186,2,160.8099173553719
474,474,2,0,665,1,31.0,0,0,749,10.5,186,2,165.0
475,475,2,0,667,0,26.0,1,1,223,26.0,186,2,160.8099173553719
476,476,2,0,668,1,30.0,1,1,223,26.0,186,2,160.8099173553719
477,477,2,0,673,1,29.8811345124283,0,0,183,10.7083,186,1,160.8099173553719
478,478,2,1,677,0,1.0,1,2,868,41.5792,186,0,160.8099173553719
479,479,2,1,678,0,3.0,1,2,868,41.5792,186,0,160.8099173553719
480,480,2,0,679,1,25.0,1,2,868,41.5792,186,0,160.8099173553719
481,481,2,1,680,0,22.0,1,2,868,41.5792,186,0,160.8099173553719
482,482,2,1,692,0,17.0,0,0,852,12.0,186,0,160.8099173553719
483,483,2,1,694,0,29.8811345124283,0,0,207,33.0,186,2,160.8099173553719
484,484,2,1,696,0,34.0,0,0,766,10.5,181,2,160.8099173553719
485,485,2,0,702,1,36.0,0,0,869,12.875,117,0,160.8099173553719
486,486,2,0,704,1,24.0,0,0,756,10.5,186,2,108.0
487,487,2,0,717,1,61.0,0,0,159,12.35,186,1,160.8099173553719
488,488,2,0,725,1,50.0,1,0,856,26.0,186,2,121.0
489,489,2,1,726,0,42.0,1,0,856,26.0,186,2,160.8099173553719
490,490,2,0,735,0,57.0,0,0,844,10.5,172,2,52.0
491,491,2,0,746,1,29.8811345124283,0,0,173,15.0458,117,0,160.8099173553719
492,492,2,1,747,1,1.0,0,2,841,37.0042,186,0,160.8099173553719
493,493,2,0,748,1,31.0,1,1,841,37.0042,186,0,160.8099173553719
494,494,2,1,749,0,24.0,1,1,841,37.0042,186,0,160.8099173553719
495,495,2,0,752,1,29.8811345124283,0,0,853,15.5792,186,0,160.8099173553719
496,496,2,0,762,1,30.0,0,0,307,13.0,186,2,160.8099173553719
497,497,2,0,763,1,40.0,0,0,177,16.0,186,2,160.8099173553719
498,498,2,0,772,1,32.0,0,0,164,13.5,186,2,209.0
499,499,2,0,773,1,30.0,0,0,151,13.0,186,2,160.8099173553719
500,500,2,0,780,1,46.0,0,0,308,26.0,186,2,160.8099173553719
501,501,2,1,787,0,13.0,0,1,217,19.5,186,2,160.8099173553719
502,502,2,1,788,0,41.0,0,1,217,19.5,186,2,160.8099173553719
503,503,2,1,789,1,19.0,0,0,918,10.5,186,2,160.8099173553719
504,504,2,0,792,1,39.0,0,0,205,13.0,186,2,160.8099173553719
505,505,2,0,798,1,48.0,0,0,155,13.0,186,2,271.0
506,506,2,0,805,1,70.0,0,0,752,10.5,186,2,160.8099173553719
507,507,2,0,811,1,27.0,0,0,130,13.0,186,2,160.8099173553719
508,508,2,0,819,1,54.0,0,0,316,14.0,186,2,160.8099173553719
509,509,2,0,820,1,39.0,0,0,226,26.0,186,2,160.8099173553719
510,510,2,0,829,1,16.0,0,0,844,10.5,186,2,160.8099173553719
511,511,2,0,837,1,62.0,0,0,184,9.6875,186,1,160.8099173553719
512,512,2,0,846,1,32.5,1,0,174,30.0708,186,0,43.0
513,513,2,1,847,0,14.0,1,0,174,30.0708,186,0,160.8099173553719
514,514,2,1,850,1,2.0,1,1,145,26.0,180,2,160.8099173553719
515,515,2,1,851,1,3.0,1,1,145,26.0,180,2,160.8099173553719
516,516,2,0,852,1,36.5,0,2,145,26.0,180,2,15.0
517,517,2,0,854,1,26.0,0,0,200,13.0,180,2,160.8099173553719
518,518,2,0,859,1,19.0,1,1,763,36.75,186,2,101.0
519,519,2,0,870,1,28.0,0,0,134,13.5,186,2,287.0
520,520,2,1,872,1,20.0,0,0,865,13.8625,134,0,160.8099173553719
521,521,2,1,874,0,29.0,0,0,755,10.5,181,2,160.8099173553719
522,522,2,0,908,1,39.0,0,0,304,13.0,186,2,160.8099173553719
523,523,2,1,910,1,22.0,0,0,920,10.5,186,2,160.8099173553719
524,524,2,1,911,1,29.8811345124283,0,0,860,13.8625,186,0,160.8099173553719
525,525,2,0,912,1,23.0,0,0,193,10.5,186,2,160.8099173553719
526,526,2,1,913,1,29.0,0,0,861,13.8583,186,0,160.8099173553719
527,527,2,0,925,1,28.0,0,0,851,10.5,186,2,160.8099173553719
528,528,2,0,926,1,29.8811345124283,0,0,178,0.0,186,2,160.8099173553719
529,529,2,1,928,0,50.0,0,1,147,26.0,186,2,160.8099173553719
530,530,2,0,947,1,19.0,0,0,314,10.5,186,2,160.8099173553719
531,531,2,0,949,1,29.8811345124283,0,0,858,15.05,186,0,160.8099173553719
532,532,2,0,952,1,41.0,0,0,166,13.0,186,2,160.8099173553719
533,533,2,1,964,0,21.0,0,1,842,21.0,186,2,160.8099173553719
534,534,2,1,965,0,19.0,0,0,226,26.0,186,2,160.8099173553719
535,535,2,0,966,1,43.0,0,1,842,21.0,186,2,160.8099173553719
536,536,2,1,968,0,32.0,0,0,156,13.0,186,2,160.8099173553719
537,537,2,0,972,1,34.0,0,0,219,13.0,186,2,160.8099173553719
538,538,2,1,973,1,30.0,0,0,767,12.7375,186,0,160.8099173553719
539,539,2,0,976,1,27.0,0,0,867,15.0333,186,0,160.8099173553719
540,540,2,1,977,0,2.0,1,1,239,26.0,186,2,160.8099173553719
541,541,2,1,978,0,8.0,1,1,239,26.0,186,2,160.8099173553719
542,542,2,1,979,0,33.0,0,2,239,26.0,186,2,160.8099173553719
543,543,2,0,984,1,36.0,0,0,748,10.5,186,2,160.8099173553719
544,544,2,0,986,1,34.0,1,0,339,21.0,186,2,160.8099173553719
545,545,2,1,987,0,30.0,3,0,339,21.0,186,2,160.8099173553719
546,546,2,1,989,0,28.0,0,0,148,13.0,186,2,160.8099173553719
547,547,2,0,998,1,23.0,0,0,859,15.0458,186,0,160.8099173553719
548,548,2,1,999,1,0.8333,1,1,321,18.75,186,2,160.8099173553719
549,549,2,1,1000,1,3.0,1,1,321,18.75,186,2,160.8099173553719
550,550,2,1,1001,0,24.0,2,3,321,18.75,186,2,160.8099173553719
551,551,2,1,1002,0,50.0,0,0,919,10.5,186,2,160.8099173553719
552,552,2,0,1014,1,19.0,0,0,299,10.5,186,2,160.8099173553719
553,553,2,1,1031,0,21.0,0,0,758,10.5,186,2,160.8099173553719
554,554,2,0,1074,1,26.0,0,0,202,13.0,186,2,160.8099173553719
555,555,2,0,1076,1,25.0,0,0,198,13.0,186,2,160.8099173553719
556,556,2,0,1079,1,27.0,0,0,196,26.0,186,2,160.8099173553719
557,557,2,1,1083,0,25.0,0,1,147,26.0,186,2,160.8099173553719
558,558,2,1,1087,0,18.0,0,2,224,13.0,186,2,160.8099173553719
559,559,2,1,1093,0,20.0,0,0,763,36.75,186,2,160.8099173553719
560,560,2,1,1094,0,30.0,0,0,220,13.0,186,2,160.8099173553719
561,561,2,0,1100,1,59.0,0,0,167,13.5,186,2,160.8099173553719
562,562,2,1,1108,0,30.0,0,0,158,12.35,186,1,160.8099173553719
563,563,2,0,1109,1,35.0,0,0,303,10.5,186,2,160.8099173553719
564,564,2,1,1114,0,40.0,0,0,344,13.0,186,2,160.8099173553719
565,565,2,0,1123,1,25.0,0,0,754,13.0,186,2,160.8099173553719
566,566,2,0,1138,1,41.0,0,0,172,15.0458,186,0,160.8099173553719
567,567,2,0,1144,1,25.0,0,0,785,10.5,186,2,81.0
568,568,2,0,1162,1,18.5,0,0,210,13.0,174,2,294.0
569,569,2,0,1163,1,14.0,0,0,138,65.0,186,2,160.8099173553719
570,570,2,1,1188,0,50.0,0,0,783,10.5,186,2,160.8099173553719
571,571,2,0,1196,1,23.0,0,0,152,13.0,186,2,160.8099173553719
572,572,2,1,1197,0,28.0,0,0,186,12.65,186,2,160.8099173553719
573,573,2,1,1198,0,27.0,0,0,403,10.5,148,2,160.8099173553719
574,574,2,0,1203,1,29.0,1,0,69,21.0,186,2,160.8099173553719
575,575,2,0,1204,0,27.0,1,0,69,21.0,186,2,160.8099173553719
576,576,2,0,1219,1,40.0,0,0,306,13.0,186,2,160.8099173553719
577,577,2,1,1224,0,31.0,0,0,781,21.0,186,2,160.8099173553719
578,578,2,0,1228,1,30.0,1,0,776,21.0,186,2,160.8099173553719
579,579,2,0,1229,1,23.0,1,0,315,10.5,186,2,160.8099173553719
580,580,2,1,1230,0,31.0,0,0,776,21.0,186,2,160.8099173553719
581,581,2,0,1234,1,29.8811345124283,0,0,181,0.0,186,2,160.8099173553719
582,582,2,1,1235,0,12.0,0,0,764,15.75,186,2,160.8099173553719
583,583,2,1,1236,0,40.0,0,0,764,15.75,186,2,160.8099173553719
584,584,2,1,1237,0,32.5,0,0,297,13.0,148,2,160.8099173553719
585,585,2,0,1240,1,27.0,1,0,143,26.0,186,2,293.0
586,586,2,1,1241,0,29.0,1,0,143,26.0,186,2,160.8099173553719
587,587,2,1,1242,1,2.0,1,1,318,23.0,186,2,160.8099173553719
588,588,2,1,1243,0,4.0,1,1,318,23.0,186,2,160.8099173553719
589,589,2,1,1244,0,29.0,0,2,318,23.0,186,2,160.8099173553719
590,590,2,1,1246,0,0.9167,1,2,768,27.75,186,2,160.8099173553719
591,591,2,1,1247,0,5.0,1,2,768,27.75,186,2,160.8099173553719
592,592,2,0,1248,1,36.0,1,2,768,27.75,186,2,160.8099173553719
593,593,2,1,1249,0,33.0,1,2,768,27.75,186,2,160.8099173553719
594,594,2,0,1251,1,66.0,0,0,751,10.5,186,2,160.8099173553719
595,595,2,0,1252,1,29.8811345124283,0,0,864,12.875,186,2,160.8099173553719
596,596,2,1,1265,1,31.0,0,0,192,13.0,186,2,160.8099173553719
597,597,2,1,1271,1,29.8811345124283,0,0,201,13.0,186,2,160.8099173553719
598,598,2,1,1282,0,26.0,0,0,137,13.5,186,2,160.8099173553719
599,599,2,0,1290,0,24.0,0,0,215,13.0,186,2,160.8099173553719
600,600,3,0,0,1,42.0,0,0,772,7.55,186,2,160.8099173553719
601,601,3,0,1,1,13.0,0,2,753,20.25,186,2,160.8099173553719
602,602,3,0,2,1,16.0,1,1,753,20.25,186,2,190.0
603,603,3,1,3,0,35.0,1,1,753,20.25,186,2,160.8099173553719
604,604,3,1,4,0,16.0,0,0,483,7.65,186,2,160.8099173553719
605,605,3,1,5,1,25.0,0,0,480,7.65,178,2,160.8099173553719
606,606,3,1,8,1,20.0,0,0,887,7.925,186,2,160.8099173553719
607,607,3,1,9,0,18.0,0,0,251,7.2292,186,0,160.8099173553719
608,608,3,0,10,1,30.0,0,0,745,7.25,186,2,72.0
609,609,3,0,11,1,26.0,0,0,402,8.05,186,2,103.0
610,610,3,0,12,0,40.0,1,0,695,9.475,186,2,160.8099173553719
611,611,3,1,13,1,0.8333,0,1,666,9.35,186,2,160.8099173553719
612,612,3,1,14,0,18.0,0,1,666,9.35,186,2,160.8099173553719
613,613,3,1,15,1,26.0,0,0,294,18.7875,186,0,160.8099173553719
614,614,3,0,17,1,26.0,0,0,468,7.8875,186,2,160.8099173553719
615,615,3,0,18,1,20.0,0,0,888,7.925,186,2,160.8099173553719
616,616,3,0,19,1,24.0,0,0,880,7.05,186,2,160.8099173553719
617,617,3,0,20,1,25.0,0,0,881,7.05,186,2,79.0
618,618,3,0,22,1,35.0,0,0,649,8.05,186,2,160.8099173553719
619,619,3,0,27,1,18.0,0,0,139,8.3,186,2,259.0
620,620,3,0,28,1,32.0,0,0,743,22.525,186,2,260.0
621,621,3,1,29,0,19.0,1,0,555,7.8542,186,2,160.8099173553719
622,622,3,0,31,1,4.0,4,2,459,31.275,186,2,160.8099173553719
623,623,3,0,32,0,6.0,4,2,459,31.275,186,2,160.8099173553719
624,624,3,0,33,0,2.0,4,2,459,31.275,186,2,160.8099173553719
625,625,3,1,34,0,17.0,4,2,334,7.925,186,2,160.8099173553719
626,626,3,0,35,0,38.0,4,2,467,7.775,186,2,160.8099173553719
627,627,3,0,36,0,9.0,4,2,459,31.275,186,2,160.8099173553719
628,628,3,0,37,0,11.0,4,2,459,31.275,186,2,160.8099173553719
629,629,3,0,38,1,39.0,1,5,459,31.275,186,2,160.8099173553719
630,630,3,1,39,1,27.0,0,0,553,7.7958,186,2,160.8099173553719
631,631,3,0,40,1,26.0,0,0,452,7.775,186,2,160.8099173553719
632,632,3,0,41,0,39.0,1,5,459,31.275,186,2,160.8099173553719
633,633,3,0,42,1,20.0,0,0,471,7.8542,186,2,160.8099173553719
634,634,3,0,47,1,26.0,0,0,485,7.8958,186,2,160.8099173553719
635,635,3,0,51,1,25.0,1,0,520,17.8,186,2,160.8099173553719
636,636,3,0,52,0,18.0,1,0,520,17.8,186,2,160.8099173553719
637,637,3,0,53,1,24.0,0,0,543,7.775,186,2,160.8099173553719
638,638,3,0,56,1,35.0,0,0,879,7.05,186,2,160.8099173553719
639,639,3,0,57,1,5.0,4,2,454,31.3875,186,2,160.8099173553719
640,640,3,0,58,1,9.0,4,2,454,31.3875,186,2,160.8099173553719
641,641,3,1,59,1,3.0,4,2,454,31.3875,186,2,160.8099173553719
642,642,3,0,60,1,13.0,4,2,454,31.3875,186,2,160.8099173553719
643,643,3,1,61,0,5.0,4,2,454,31.3875,186,2,160.8099173553719
644,644,3,0,62,1,40.0,1,5,454,31.3875,186,2,142.0
645,645,3,1,63,1,23.0,0,0,561,7.7958,186,2,160.8099173553719
646,646,3,1,64,0,38.0,1,5,454,31.3875,186,2,160.8099173553719
647,647,3,1,65,0,45.0,0,0,291,7.225,186,0,160.8099173553719
648,648,3,0,66,1,21.0,0,0,287,7.225,186,0,160.8099173553719
649,649,3,0,67,1,23.0,0,0,878,7.05,186,2,160.8099173553719
650,650,3,0,70,0,17.0,0,0,235,14.4583,186,0,160.8099173553719
651,651,3,0,71,1,30.0,0,0,289,7.225,186,0,160.8099173553719
652,652,3,0,73,1,23.0,0,0,473,7.8542,186,2,160.8099173553719
653,653,3,1,74,0,13.0,0,0,282,7.2292,186,0,160.8099173553719
654,654,3,0,75,1,20.0,0,0,274,7.225,186,0,160.8099173553719
655,655,3,0,76,1,32.0,1,0,333,15.85,186,2,160.8099173553719
656,656,3,1,77,0,33.0,3,0,333,15.85,186,2,160.8099173553719
657,657,3,1,78,0,0.75,2,1,260,19.2583,186,0,160.8099173553719
658,658,3,1,79,0,0.75,2,1,260,19.2583,186,0,160.8099173553719
659,659,3,1,80,0,5.0,2,1,260,19.2583,186,0,160.8099173553719
660,660,3,1,81,0,24.0,0,3,260,19.2583,186,0,160.8099173553719
661,661,3,1,82,0,18.0,0,0,712,8.05,186,2,160.8099173553719
662,662,3,0,83,1,40.0,0,0,231,7.225,186,0,160.8099173553719
663,663,3,0,86,1,26.0,0,0,531,7.8958,186,2,160.8099173553719
664,664,3,1,89,1,20.0,0,0,257,7.2292,186,0,160.8099173553719
665,665,3,0,90,0,18.0,0,1,286,14.4542,186,0,160.8099173553719
666,666,3,0,91,0,45.0,0,1,286,14.4542,186,0,160.8099173553719
667,667,3,0,94,0,27.0,0,0,372,7.8792,186,1,160.8099173553719
668,668,3,0,95,1,22.0,0,0,370,8.05,186,2,160.8099173553719
669,669,3,0,105,1,19.0,0,0,369,8.05,186,2,160.8099173553719
670,670,3,0,114,1,26.0,0,0,445,7.775,186,2,160.8099173553719
671,671,3,0,116,1,22.0,0,0,838,9.35,186,2,160.8099173553719
672,672,3,0,118,1,29.8811345124283,0,0,230,7.2292,186,0,160.8099173553719
673,673,3,0,119,1,20.0,0,0,242,4.0125,186,0,160.8099173553719
674,674,3,1,121,1,32.0,0,0,104,56.4958,186,2,160.8099173553719
675,675,3,0,123,1,21.0,0,0,342,7.775,186,2,160.8099173553719
676,676,3,0,128,1,18.0,0,0,466,7.75,186,2,160.8099173553719
677,677,3,0,135,1,26.0,0,0,507,7.8958,186,2,160.8099173553719
678,678,3,0,137,1,6.0,1,1,273,15.2458,186,0,160.8099173553719
679,679,3,0,138,0,9.0,1,1,273,15.2458,186,0,160.8099173553719
680,680,3,0,139,1,29.8811345124283,0,0,258,7.225,186,0,160.8099173553719
681,681,3,0,140,0,29.8811345124283,0,2,273,15.2458,186,0,160.8099173553719
682,682,3,0,141,0,29.8811345124283,0,2,595,7.75,186,1,160.8099173553719
683,683,3,0,142,1,40.0,1,1,596,15.5,186,1,160.8099173553719
684,684,3,0,143,0,32.0,1,1,596,15.5,186,1,160.8099173553719
685,685,3,0,145,1,21.0,0,0,678,16.1,186,2,160.8099173553719
686,686,3,1,149,0,22.0,0,0,393,7.725,186,1,160.8099173553719
687,687,3,0,152,0,20.0,0,0,476,7.8542,186,2,160.8099173553719
688,688,3,0,154,1,29.0,1,0,434,7.0458,186,2,160.8099173553719
689,689,3,0,155,1,22.0,1,0,720,7.25,186,2,160.8099173553719
690,690,3,0,157,1,22.0,0,0,554,7.7958,186,2,160.8099173553719
691,691,3,0,158,1,35.0,0,0,592,8.05,186,2,160.8099173553719
692,692,3,0,167,0,18.5,0,0,371,7.2833,186,1,299.0
693,693,3,1,168,1,21.0,0,0,378,7.8208,186,1,160.8099173553719
694,694,3,0,170,1,19.0,0,0,602,6.75,186,1,160.8099173553719
695,695,3,0,172,0,18.0,0,0,386,7.8792,186,1,160.8099173553719
696,696,3,0,178,0,21.0,0,0,351,8.6625,186,2,160.8099173553719
697,697,3,0,179,0,30.0,0,0,348,8.6625,186,2,160.8099173553719
698,698,3,0,180,1,18.0,0,0,355,8.6625,186,2,160.8099173553719
699,699,3,0,181,1,38.0,0,0,353,8.6625,186,2,160.8099173553719
700,700,3,0,187,1,17.0,0,0,357,8.6625,186,2,160.8099173553719
701,701,3,0,188,1,17.0,0,0,350,8.6625,186,2,160.8099173553719
702,702,3,0,191,0,21.0,0,0,594,7.75,186,1,160.8099173553719
703,703,3,0,192,1,21.0,0,0,600,7.75,186,1,160.8099173553719
704,704,3,0,194,1,21.0,0,0,706,8.05,186,2,160.8099173553719
705,705,3,0,195,1,29.8811345124283,1,0,284,14.4583,186,0,160.8099173553719
706,706,3,0,196,0,29.8811345124283,1,0,284,14.4583,186,0,160.8099173553719
707,707,3,0,200,1,28.0,0,0,552,7.7958,186,2,160.8099173553719
708,708,3,0,201,1,24.0,0,0,569,7.8542,186,2,160.8099173553719
709,709,3,1,203,0,16.0,0,0,613,7.75,186,1,160.8099173553719
710,710,3,0,204,0,37.0,0,0,617,7.75,186,1,160.8099173553719
711,711,3,0,213,1,28.0,0,0,668,7.25,186,2,160.8099173553719
712,712,3,0,218,1,24.0,0,0,411,8.05,186,2,160.8099173553719
713,713,3,0,226,1,21.0,0,0,732,7.7333,186,1,160.8099173553719
714,714,3,1,231,1,32.0,0,0,104,56.4958,186,2,160.8099173553719
715,715,3,0,233,1,29.0,0,0,412,8.05,186,2,160.8099173553719
716,716,3,0,236,1,26.0,1,0,275,14.4542,186,0,160.8099173553719
717,717,3,0,237,1,18.0,1,0,275,14.4542,186,0,160.8099173553719
718,718,3,0,244,1,20.0,0,0,876,7.05,186,2,160.8099173553719
719,719,3,1,245,1,18.0,0,0,728,8.05,186,2,160.8099173553719
720,720,3,0,246,1,24.0,0,0,645,7.25,186,1,160.8099173553719
721,721,3,0,247,1,36.0,0,0,493,7.4958,186,2,160.8099173553719
722,722,3,0,248,1,24.0,0,0,492,7.4958,186,2,160.8099173553719
723,723,3,0,259,1,31.0,0,0,132,7.7333,186,1,160.8099173553719
724,724,3,0,260,1,31.0,0,0,395,7.75,186,1,160.8099173553719
725,725,3,1,261,0,22.0,0,0,639,7.75,186,1,160.8099173553719
726,726,3,0,261,0,30.0,0,0,389,7.6292,186,1,160.8099173553719
727,727,3,0,262,1,70.5,0,0,635,7.75,186,1,171.0
728,728,3,0,263,1,43.0,0,0,727,8.05,186,2,160.8099173553719
729,729,3,0,265,1,35.0,0,0,513,7.8958,186,2,160.8099173553719
730,730,3,0,266,1,27.0,0,0,512,7.8958,186,2,160.8099173553719
731,731,3,0,267,1,19.0,0,0,514,7.8958,186,2,160.8099173553719
732,732,3,0,270,1,30.0,0,0,896,8.05,186,2,160.8099173553719
733,733,3,1,273,1,9.0,1,1,769,15.9,186,2,160.8099173553719
734,734,3,1,274,1,3.0,1,1,769,15.9,186,2,160.8099173553719
735,735,3,1,275,0,36.0,0,2,769,15.9,186,2,160.8099173553719
736,736,3,0,276,1,59.0,0,0,589,7.25,186,2,160.8099173553719
737,737,3,0,278,1,19.0,0,0,849,8.1583,186,2,160.8099173553719
738,738,3,1,279,0,17.0,0,1,647,16.1,186,2,160.8099173553719
739,739,3,0,280,1,44.0,0,1,647,16.1,186,2,160.8099173553719
740,740,3,0,284,1,17.0,0,0,354,8.6625,186,2,160.8099173553719
741,741,3,0,288,1,22.5,0,0,293,7.225,186,0,9.0
742,742,3,1,289,1,45.0,0,0,699,8.05,186,2,160.8099173553719
743,743,3,0,290,0,22.0,0,0,697,10.5167,186,2,160.8099173553719
744,744,3,0,291,1,19.0,0,0,511,10.1708,186,2,160.8099173553719
745,745,3,1,292,0,30.0,0,0,657,6.95,186,1,160.8099173553719
746,746,3,1,293,1,29.0,0,0,658,7.75,186,1,160.8099173553719
747,747,3,0,295,1,0.3333,0,2,457,14.4,186,2,160.8099173553719
748,748,3,0,296,1,34.0,1,1,457,14.4,186,2,197.0
749,749,3,0,297,0,28.0,1,1,457,14.4,186,2,160.8099173553719
750,750,3,0,300,1,27.0,0,0,502,7.8958,186,2,160.8099173553719
751,751,3,0,301,1,25.0,0,0,486,7.8958,186,2,160.8099173553719
752,752,3,0,305,1,24.0,2,0,714,24.15,186,2,160.8099173553719
753,753,3,0,307,1,22.0,0,0,854,8.05,186,2,160.8099173553719
754,754,3,0,308,1,21.0,2,0,714,24.15,186,2,160.8099173553719
755,755,3,0,309,1,17.0,2,0,715,8.05,186,2,160.8099173553719
756,756,3,0,312,1,29.8811345124283,1,0,665,16.1,186,2,160.8099173553719
757,757,3,1,313,0,29.8811345124283,1,0,665,16.1,186,2,160.8099173553719
758,758,3,1,1297,1,36.5,1,0,416,17.4,186,2,160.8099173553719
759,759,3,1,1298,0,36.0,1,0,416,17.4,186,2,160.8099173553719
760,760,3,1,1299,1,30.0,0,0,426,9.5,186,2,160.8099173553719
761,761,3,0,1300,1,16.0,0,0,429,9.5,186,2,160.8099173553719
762,762,3,1,315,1,1.0,1,2,750,20.575,186,2,160.8099173553719
763,763,3,1,316,0,0.1667,1,2,750,20.575,186,2,160.8099173553719
764,764,3,0,317,1,26.0,1,2,750,20.575,186,2,160.8099173553719
765,765,3,1,318,0,33.0,1,2,750,20.575,186,2,160.8099173553719
766,766,3,0,319,1,25.0,0,0,533,7.8958,186,2,160.8099173553719
767,767,3,0,320,1,29.8811345124283,0,0,521,7.8958,186,2,160.8099173553719
768,768,3,0,322,1,29.8811345124283,0,0,508,7.8958,186,2,160.8099173553719
769,769,3,0,323,1,22.0,0,0,721,7.25,186,2,160.8099173553719
770,770,3,0,324,1,36.0,0,0,724,7.25,186,2,160.8099173553719
771,771,3,1,325,0,19.0,0,0,384,7.8792,186,1,160.8099173553719
772,772,3,0,329,1,17.0,0,0,515,7.8958,186,2,160.8099173553719
773,773,3,0,330,1,42.0,0,0,352,8.6625,186,2,160.8099173553719
774,774,3,0,331,1,43.0,0,0,509,7.8958,186,2,160.8099173553719
775,775,3,0,335,1,29.8811345124283,0,0,281,7.2292,186,0,160.8099173553719
776,776,3,0,338,1,32.0,0,0,642,7.75,186,1,160.8099173553719
777,777,3,1,339,1,19.0,0,0,731,8.05,186,2,160.8099173553719
778,778,3,1,343,0,30.0,0,0,593,12.475,186,2,160.8099173553719
779,779,3,0,345,0,24.0,0,0,623,7.75,186,1,160.8099173553719
780,780,3,1,346,0,23.0,0,0,893,8.05,186,2,160.8099173553719
781,781,3,0,347,1,33.0,0,0,524,7.8958,186,0,51.0
782,782,3,0,351,1,65.0,0,0,399,7.75,186,1,160.8099173553719
783,783,3,1,355,1,24.0,0,0,846,7.55,186,2,160.8099173553719
784,784,3,0,358,1,23.0,1,0,449,13.9,186,2,160.8099173553719
785,785,3,1,359,0,22.0,1,0,449,13.9,186,2,160.8099173553719
786,786,3,0,361,1,18.0,0,0,544,7.775,186,2,160.8099173553719
787,787,3,0,363,1,16.0,0,0,451,7.775,186,2,160.8099173553719
788,788,3,0,364,1,45.0,0,0,438,6.975,186,2,160.8099173553719
789,789,3,0,365,1,29.8811345124283,0,0,269,7.225,186,0,160.8099173553719
790,790,3,0,366,1,39.0,0,2,270,7.2292,186,0,160.8099173553719
791,791,3,0,367,1,17.0,1,1,285,7.2292,186,0,160.8099173553719
792,792,3,0,368,1,15.0,1,1,290,7.2292,186,0,160.8099173553719
793,793,3,0,369,1,47.0,0,0,730,7.25,186,2,160.8099173553719
794,794,3,1,370,0,5.0,0,0,593,12.475,186,2,160.8099173553719
795,795,3,0,371,1,29.8811345124283,0,0,238,7.225,186,0,160.8099173553719
796,796,3,0,376,1,40.5,0,0,773,15.1,186,2,187.0
797,797,3,0,378,1,40.5,0,0,614,7.75,186,1,68.0
798,798,3,1,383,1,29.8811345124283,0,0,877,7.05,186,2,160.8099173553719
799,799,3,0,384,1,18.0,0,0,551,7.7958,186,2,160.8099173553719
800,800,3,0,386,0,29.8811345124283,0,0,601,7.75,186,1,160.8099173553719
801,801,3,0,388,1,29.8811345124283,0,0,598,7.75,186,1,160.8099173553719
802,802,3,0,389,1,29.8811345124283,0,0,616,6.95,186,1,160.8099173553719
803,803,3,0,391,1,26.0,0,0,375,7.8792,186,1,160.8099173553719
804,804,3,0,392,1,29.8811345124283,0,0,604,7.75,186,1,160.8099173553719
805,805,3,1,393,1,29.8811345124283,0,0,104,56.4958,186,2,160.8099173553719
806,806,3,0,394,0,21.0,2,2,924,34.375,186,2,160.8099173553719
807,807,3,0,395,0,9.0,2,2,924,34.375,186,2,160.8099173553719
808,808,3,0,396,1,29.8811345124283,0,0,719,8.05,186,2,160.8099173553719
809,809,3,0,397,1,18.0,2,2,924,34.375,186,2,160.8099173553719
810,810,3,0,398,1,16.0,1,3,924,34.375,186,2,160.8099173553719
811,811,3,0,399,0,48.0,1,3,924,34.375,186,2,160.8099173553719
812,812,3,0,407,1,29.8811345124283,0,0,619,7.75,186,1,160.8099173553719
813,813,3,0,410,1,29.8811345124283,0,0,882,7.25,186,2,160.8099173553719
814,814,3,0,426,1,25.0,0,0,620,7.7417,186,1,160.8099173553719
815,815,3,0,427,1,29.8811345124283,0,0,577,14.5,186,2,160.8099173553719
816,816,3,0,433,1,29.8811345124283,0,0,537,7.8958,186,0,160.8099173553719
817,817,3,0,441,1,22.0,0,0,103,8.05,186,2,47.0
818,818,3,1,444,0,16.0,0,0,575,7.7333,186,1,160.8099173553719
819,819,3,1,446,0,29.8811345124283,0,0,397,7.75,186,1,160.8099173553719
820,820,3,1,450,1,9.0,0,2,583,20.525,186,2,160.8099173553719
821,821,3,0,451,1,33.0,1,1,583,20.525,186,2,160.8099173553719
822,822,3,0,452,1,41.0,0,0,873,7.85,186,2,160.8099173553719
823,823,3,1,453,0,31.0,1,1,583,20.525,186,2,160.8099173553719
824,824,3,0,454,1,38.0,0,0,875,7.05,186,2,160.8099173553719
825,825,3,0,455,1,9.0,5,2,775,46.9,186,2,160.8099173553719
826,826,3,0,456,1,1.0,5,2,775,46.9,186,2,160.8099173553719
827,827,3,0,457,1,11.0,5,2,775,46.9,186,2,160.8099173553719
828,828,3,0,458,0,10.0,5,2,775,46.9,186,2,160.8099173553719
829,829,3,0,459,0,16.0,5,2,775,46.9,186,2,160.8099173553719
830,830,3,0,460,1,14.0,5,2,775,46.9,186,2,160.8099173553719
831,831,3,0,461,1,40.0,1,6,775,46.9,186,2,160.8099173553719
832,832,3,0,462,0,43.0,1,6,775,46.9,186,2,160.8099173553719
833,833,3,0,467,1,51.0,0,0,133,8.05,186,2,160.8099173553719
834,834,3,0,471,1,32.0,0,0,701,8.3625,186,2,160.8099173553719
835,835,3,0,472,1,29.8811345124283,0,0,653,8.05,186,2,160.8099173553719
836,836,3,0,474,1,20.0,0,0,691,9.8458,186,2,160.8099173553719
837,837,3,0,475,1,37.0,2,0,331,7.925,186,2,98.0
838,838,3,0,476,1,28.0,2,0,332,7.925,186,2,160.8099173553719
839,839,3,0,477,1,19.0,0,0,446,7.775,186,2,160.8099173553719
840,840,3,0,478,0,24.0,0,0,519,8.85,186,2,160.8099173553719
841,841,3,0,479,0,17.0,0,0,739,7.7333,186,1,160.8099173553719
842,842,3,0,480,1,29.8811345124283,1,0,680,19.9667,186,2,160.8099173553719
843,843,3,0,481,1,29.8811345124283,1,0,681,19.9667,186,2,160.8099173553719
844,844,3,0,482,1,28.0,1,0,913,15.85,186,2,160.8099173553719
845,845,3,1,483,0,24.0,1,0,913,15.85,186,2,160.8099173553719
846,846,3,0,487,1,20.0,0,0,422,9.5,186,2,160.8099173553719
847,847,3,0,488,1,23.5,0,0,288,7.2292,186,0,188.0
848,848,3,0,489,1,41.0,2,0,546,14.1083,186,2,160.8099173553719
849,849,3,0,490,1,26.0,1,0,545,7.8542,186,2,160.8099173553719
850,850,3,0,491,1,21.0,0,0,547,7.8542,186,2,69.0
851,851,3,1,492,0,45.0,1,0,546,14.1083,186,2,160.8099173553719
852,852,3,0,496,0,29.8811345124283,0,0,925,7.55,186,2,160.8099173553719
853,853,3,0,497,1,25.0,0,0,651,7.25,186,2,160.8099173553719
854,854,3,0,510,1,29.8811345124283,0,0,670,6.8583,186,1,160.8099173553719
855,855,3,0,513,1,11.0,0,0,294,18.7875,186,0,160.8099173553719
856,856,3,1,519,0,29.8811345124283,0,0,641,7.75,186,1,160.8099173553719
857,857,3,1,520,1,27.0,0,0,465,6.975,186,2,160.8099173553719
858,858,3,1,521,1,29.8811345124283,0,0,104,56.4958,186,2,160.8099173553719
859,859,3,0,522,0,18.0,0,0,603,6.75,186,1,160.8099173553719
860,860,3,1,523,0,26.0,0,0,914,7.925,186,2,160.8099173553719
861,861,3,0,524,0,23.0,0,0,916,7.925,186,2,160.8099173553719
862,862,3,1,525,0,22.0,0,0,696,8.9625,186,2,160.8099173553719
863,863,3,0,526,1,28.0,0,0,526,7.8958,186,2,306.0
864,864,3,0,527,0,28.0,0,0,462,7.775,186,2,160.8099173553719
865,865,3,0,528,0,29.8811345124283,0,0,656,7.75,186,1,160.8099173553719
866,866,3,1,542,0,2.0,0,1,338,12.2875,186,2,160.8099173553719
867,867,3,1,543,0,22.0,1,1,338,12.2875,186,2,160.8099173553719
868,868,3,0,552,1,43.0,0,0,744,6.45,186,2,160.8099173553719
869,869,3,0,553,1,28.0,0,0,743,22.525,186,2,160.8099173553719
870,870,3,1,557,0,27.0,0,0,915,7.925,186,2,160.8099173553719
871,871,3,0,559,1,29.8811345124283,0,0,643,7.75,186,1,160.8099173553719
872,872,3,1,561,0,29.8811345124283,0,0,705,8.05,186,2,160.8099173553719
873,873,3,0,567,1,42.0,0,0,479,7.65,178,2,120.0
874,874,3,1,569,1,29.8811345124283,0,0,435,7.8875,186,2,160.8099173553719
875,875,3,0,570,1,30.0,0,0,280,7.2292,186,0,160.8099173553719
876,876,3,0,573,1,29.8811345124283,0,0,503,7.8958,186,2,160.8099173553719
877,877,3,0,574,0,27.0,1,0,911,7.925,186,2,160.8099173553719
878,878,3,0,575,0,25.0,1,0,912,7.925,186,2,160.8099173553719
879,879,3,0,578,1,29.8811345124283,0,0,484,7.8958,186,2,160.8099173553719
880,880,3,1,581,1,29.0,0,0,523,7.8958,186,0,160.8099173553719
881,881,3,1,582,1,21.0,0,0,549,7.7958,186,2,160.8099173553719
882,882,3,0,583,1,29.8811345124283,0,0,874,7.05,186,2,160.8099173553719
883,883,3,0,588,1,20.0,0,0,558,7.8542,186,2,160.8099173553719
884,884,3,0,589,1,48.0,0,0,556,7.8542,186,2,160.8099173553719
885,885,3,0,590,1,17.0,1,0,557,7.0542,186,2,160.8099173553719
886,886,3,1,591,0,29.8811345124283,0,0,102,7.75,186,1,160.8099173553719
887,887,3,1,593,1,29.8811345124283,0,0,683,8.1125,186,2,160.8099173553719
888,888,3,0,594,1,34.0,0,0,327,6.4958,186,2,143.0
889,889,3,1,595,1,26.0,0,0,447,7.775,186,2,160.8099173553719
890,890,3,0,596,1,22.0,0,0,559,7.7958,186,2,156.0
891,891,3,0,597,1,33.0,0,0,693,8.6542,186,2,285.0
892,892,3,0,598,1,31.0,0,0,440,7.775,186,2,160.8099173553719
893,893,3,0,599,1,29.0,0,0,472,7.8542,186,2,160.8099173553719
894,894,3,1,600,1,4.0,1,1,477,11.1333,186,2,160.8099173553719
895,895,3,1,601,0,1.0,1,1,477,11.1333,186,2,160.8099173553719
896,896,3,0,602,1,49.0,0,0,787,0.0,186,2,160.8099173553719
897,897,3,0,603,1,33.0,0,0,439,7.775,186,2,37.0
898,898,3,0,604,1,19.0,0,0,787,0.0,186,2,160.8099173553719
899,899,3,1,605,0,27.0,0,2,477,11.1333,186,2,160.8099173553719
900,900,3,0,606,1,29.8811345124283,1,2,923,23.45,186,2,160.8099173553719
901,901,3,0,607,0,29.8811345124283,1,2,923,23.45,186,2,160.8099173553719
902,902,3,0,608,1,29.8811345124283,1,2,923,23.45,186,2,160.8099173553719
903,903,3,0,609,0,29.8811345124283,1,2,923,23.45,186,2,160.8099173553719
904,904,3,0,611,1,23.0,0,0,487,7.8958,186,2,160.8099173553719
905,905,3,1,612,1,32.0,0,0,572,7.8542,186,2,160.8099173553719
906,906,3,0,613,1,27.0,0,0,568,7.8542,186,2,160.8099173553719
907,907,3,0,615,0,20.0,1,0,674,9.825,186,2,160.8099173553719
908,908,3,0,616,0,21.0,1,0,675,9.825,186,2,160.8099173553719
909,909,3,1,617,1,32.0,0,0,904,7.925,186,2,160.8099173553719
910,910,3,0,618,1,17.0,0,0,900,7.125,186,2,160.8099173553719
911,911,3,0,619,1,21.0,0,0,702,8.4333,186,2,160.8099173553719
912,912,3,0,622,1,30.0,0,0,529,7.8958,186,2,160.8099173553719
913,913,3,1,623,1,21.0,0,0,560,7.7958,186,2,160.8099173553719
914,914,3,0,624,1,33.0,0,0,470,7.8542,186,2,160.8099173553719
915,915,3,0,625,1,22.0,0,0,562,7.5208,186,2,160.8099173553719
916,916,3,1,627,0,4.0,0,1,539,13.4167,186,0,160.8099173553719
917,917,3,1,628,1,39.0,0,1,539,13.4167,186,0,160.8099173553719
918,918,3,0,629,1,29.8811345124283,0,0,295,7.2292,186,0,160.8099173553719
919,919,3,0,630,1,18.5,0,0,277,7.2292,186,0,58.0
920,920,3,0,632,1,29.8811345124283,0,0,85,7.75,186,1,160.8099173553719
921,921,3,0,634,1,29.8811345124283,0,0,368,7.25,186,2,160.8099173553719
922,922,3,1,636,0,29.8811345124283,0,0,704,7.75,186,1,160.8099173553719
923,923,3,1,637,0,29.8811345124283,0,0,101,7.75,186,1,160.8099173553719
924,924,3,0,638,1,34.5,0,0,376,7.8292,186,1,70.0
925,925,3,0,638,1,44.0,0,0,585,8.05,186,2,160.8099173553719
926,926,3,1,640,1,29.8811345124283,0,0,625,7.75,186,1,160.8099173553719
927,927,3,0,644,1,29.8811345124283,1,0,254,14.4542,186,0,160.8099173553719
928,928,3,0,645,0,29.8811345124283,1,0,254,14.4542,186,0,160.8099173553719
929,929,3,0,646,1,29.8811345124283,1,0,609,7.75,186,1,160.8099173553719
930,930,3,0,647,1,29.8811345124283,1,0,611,7.75,186,1,160.8099173553719
931,931,3,0,648,1,29.8811345124283,0,0,621,7.7375,186,1,160.8099173553719
932,932,3,0,651,0,22.0,2,0,364,8.6625,186,2,160.8099173553719
933,933,3,0,652,1,26.0,2,0,363,8.6625,186,2,160.8099173553719
934,934,3,1,653,0,4.0,0,2,365,22.025,186,2,160.8099173553719
935,935,3,1,654,1,29.0,3,1,365,22.025,186,2,160.8099173553719
936,936,3,1,655,0,26.0,1,1,365,22.025,186,2,160.8099173553719
937,937,3,0,658,0,1.0,1,1,565,12.1833,186,2,160.8099173553719
938,938,3,0,659,1,18.0,1,1,564,7.8542,186,2,160.8099173553719
939,939,3,0,660,0,36.0,0,2,565,12.1833,186,2,160.8099173553719
940,940,3,0,662,1,29.8811345124283,0,0,536,7.8958,186,0,160.8099173553719
941,941,3,1,663,1,25.0,0,0,248,7.2292,176,0,160.8099173553719
942,942,3,0,666,1,29.8811345124283,0,0,232,7.225,186,0,160.8099173553719
943,943,3,0,669,0,37.0,0,0,673,9.5875,186,2,160.8099173553719
944,944,3,0,670,1,29.8811345124283,0,0,500,7.8958,186,2,160.8099173553719
945,945,3,1,671,1,29.8811345124283,0,0,104,56.4958,186,2,160.8099173553719
946,946,3,0,672,1,29.8811345124283,0,0,104,56.4958,186,2,160.8099173553719
947,947,3,1,674,0,22.0,0,0,746,7.25,186,2,160.8099173553719
948,948,3,0,675,1,29.8811345124283,0,0,700,7.75,186,1,160.8099173553719
949,949,3,1,676,1,26.0,0,0,104,56.4958,186,2,160.8099173553719
950,950,3,0,681,1,29.0,0,0,694,9.4833,186,2,160.8099173553719
951,951,3,0,682,1,29.0,0,0,444,7.775,186,2,160.8099173553719
952,952,3,0,683,1,22.0,0,0,442,7.775,186,2,160.8099173553719
953,953,3,1,686,1,22.0,0,0,228,7.225,186,0,160.8099173553719
954,954,3,0,687,1,29.8811345124283,3,1,671,25.4667,186,2,160.8099173553719
955,955,3,0,688,0,29.8811345124283,3,1,671,25.4667,186,2,160.8099173553719
956,956,3,0,689,0,29.8811345124283,3,1,671,25.4667,186,2,160.8099173553719
957,957,3,0,690,0,29.8811345124283,3,1,671,25.4667,186,2,160.8099173553719
958,958,3,0,691,0,29.8811345124283,0,4,671,25.4667,186,2,160.8099173553719
959,959,3,0,693,1,32.0,0,0,908,7.925,186,2,160.8099173553719
960,960,3,0,695,1,34.5,0,0,278,6.4375,186,0,196.0
961,961,3,0,697,0,29.8811345124283,1,0,637,15.5,186,1,160.8099173553719
962,962,3,0,698,1,29.8811345124283,1,0,637,15.5,186,1,160.8099173553719
963,963,3,0,699,1,36.0,0,0,787,0.0,186,2,160.8099173553719
964,964,3,0,700,1,39.0,0,0,714,24.15,186,2,160.8099173553719
965,965,3,0,705,1,24.0,0,0,432,9.5,186,2,160.8099173553719
966,966,3,0,706,0,25.0,0,0,448,7.775,186,2,160.8099173553719
967,967,3,0,707,0,45.0,0,0,450,7.75,186,2,160.8099173553719
968,968,3,0,709,1,36.0,1,0,542,15.55,186,2,160.8099173553719
969,969,3,0,710,0,30.0,1,0,542,15.55,186,2,160.8099173553719
970,970,3,1,711,1,20.0,1,0,903,7.925,186,2,160.8099173553719
971,971,3,0,713,1,29.8811345124283,0,0,388,7.8792,186,1,160.8099173553719
972,972,3,0,716,1,28.0,0,0,104,56.4958,186,2,160.8099173553719
973,973,3,0,718,1,29.8811345124283,0,0,843,7.55,186,2,160.8099173553719
974,974,3,0,719,1,30.0,1,0,734,16.1,186,2,160.8099173553719
975,975,3,0,720,0,26.0,1,0,734,16.1,186,2,160.8099173553719
976,976,3,0,721,1,29.8811345124283,0,0,83,7.8792,186,2,153.0
977,977,3,0,727,1,20.5,0,0,722,7.25,186,2,160.8099173553719
978,978,3,1,728,1,27.0,0,0,362,8.6625,186,2,160.8099173553719
979,979,3,0,729,1,51.0,0,0,478,7.0542,186,2,160.8099173553719
980,980,3,1,730,0,23.0,0,0,474,7.8542,186,2,160.8099173553719
981,981,3,1,731,1,32.0,0,0,563,7.5792,186,2,160.8099173553719
982,982,3,0,733,1,29.8811345124283,0,0,518,7.8958,186,2,160.8099173553719
983,983,3,0,734,1,29.8811345124283,0,0,770,7.55,186,2,160.8099173553719
984,984,3,1,736,0,29.8811345124283,0,0,636,7.75,186,1,160.8099173553719
985,985,3,1,738,1,24.0,0,0,742,7.1417,186,2,160.8099173553719
986,986,3,0,739,1,22.0,0,0,901,7.125,186,2,160.8099173553719
987,987,3,0,741,0,29.8811345124283,0,0,380,7.8792,186,1,160.8099173553719
988,988,3,0,742,1,29.8811345124283,0,0,740,7.75,186,1,160.8099173553719
989,989,3,0,744,1,29.8811345124283,0,0,737,8.05,186,2,160.8099173553719
990,990,3,0,745,1,29.0,0,0,897,7.925,186,2,160.8099173553719
991,991,3,1,750,1,29.8811345124283,0,0,272,7.2292,186,0,160.8099173553719
992,992,3,0,751,0,30.5,0,0,597,7.75,186,1,61.0
993,993,3,1,753,0,29.8811345124283,0,0,622,7.7375,186,1,160.8099173553719
994,994,3,0,754,1,29.8811345124283,0,0,249,7.2292,175,0,160.8099173553719
995,995,3,0,756,1,35.0,0,0,496,7.8958,186,0,160.8099173553719
996,996,3,0,757,1,33.0,0,0,540,7.8958,186,2,160.8099173553719
997,997,3,1,760,0,29.8811345124283,0,0,243,7.225,186,0,160.8099173553719
998,998,3,0,761,1,29.8811345124283,0,0,538,7.8958,186,0,160.8099173553719
999,999,3,1,766,0,29.8811345124283,0,0,662,7.75,186,1,160.8099173553719
1000,1000,3,1,768,1,29.8811345124283,0,0,610,7.75,186,1,160.8099173553719
1001,1001,3,1,769,0,29.8811345124283,2,0,608,23.25,186,1,160.8099173553719
1002,1002,3,1,770,0,29.8811345124283,2,0,608,23.25,186,1,160.8099173553719
1003,1003,3,1,771,1,29.8811345124283,2,0,608,23.25,186,1,160.8099173553719
1004,1004,3,1,774,0,29.8811345124283,0,0,382,7.7875,186,1,160.8099173553719
1005,1005,3,0,775,1,29.8811345124283,0,0,606,15.5,186,1,160.8099173553719
1006,1006,3,1,777,0,29.8811345124283,0,0,381,7.8792,186,1,160.8099173553719
1007,1007,3,1,778,0,15.0,0,0,379,8.0292,186,1,160.8099173553719
1008,1008,3,0,779,0,35.0,0,0,703,7.75,186,1,160.8099173553719
1009,1009,3,0,781,1,29.8811345124283,0,0,638,7.75,186,1,160.8099173553719
1010,1010,3,0,782,1,24.0,1,0,655,16.1,186,2,160.8099173553719
1011,1011,3,0,783,0,19.0,1,0,655,16.1,186,2,53.0
1012,1012,3,0,784,0,29.8811345124283,0,0,634,7.75,186,1,160.8099173553719
1013,1013,3,0,785,0,29.8811345124283,0,0,885,8.05,186,2,160.8099173553719
1014,1014,3,0,786,0,29.8811345124283,0,0,408,8.05,186,2,160.8099173553719
1015,1015,3,0,790,1,55.5,0,0,709,8.05,186,2,201.0
1016,1016,3,0,791,1,29.8811345124283,0,0,624,7.75,186,1,160.8099173553719
1017,1017,3,1,795,1,21.0,0,0,415,7.775,186,2,160.8099173553719
1018,1018,3,0,796,1,29.8811345124283,0,0,578,8.05,186,2,160.8099173553719
1019,1019,3,0,802,1,24.0,0,0,516,7.8958,186,2,160.8099173553719
1020,1020,3,0,803,1,21.0,0,0,494,7.8958,186,2,160.8099173553719
1021,1021,3,0,804,1,28.0,0,0,490,7.8958,186,2,160.8099173553719
1022,1022,3,0,806,1,29.8811345124283,0,0,504,7.8958,186,2,160.8099173553719
1023,1023,3,1,808,0,29.8811345124283,0,0,391,7.8792,186,1,160.8099173553719
1024,1024,3,0,809,1,25.0,0,0,481,7.65,179,2,309.0
1025,1025,3,1,812,1,6.0,0,1,669,12.475,150,2,160.8099173553719
1026,1026,3,1,813,0,27.0,0,1,669,12.475,150,2,160.8099173553719
1027,1027,3,0,815,1,29.8811345124283,0,0,738,8.05,186,2,160.8099173553719
1028,1028,3,1,816,0,29.8811345124283,1,0,646,24.15,186,1,160.8099173553719
1029,1029,3,0,817,1,29.8811345124283,1,0,646,24.15,186,1,160.8099173553719
1030,1030,3,0,818,1,29.8811345124283,0,0,373,8.4583,186,1,160.8099173553719
1031,1031,3,0,821,1,34.0,0,0,590,8.05,186,2,160.8099173553719
1032,1032,3,0,822,1,29.8811345124283,0,0,648,7.75,186,1,160.8099173553719
1033,1033,3,1,823,1,29.8811345124283,0,0,341,7.775,186,2,160.8099173553719
1034,1034,3,1,824,1,29.8811345124283,1,1,255,15.2458,186,0,160.8099173553719
1035,1035,3,1,825,1,29.8811345124283,1,1,255,15.2458,186,0,160.8099173553719
1036,1036,3,1,826,0,29.8811345124283,0,2,255,15.2458,186,0,160.8099173553719
1037,1037,3,1,827,0,29.8811345124283,0,0,234,7.2292,186,0,160.8099173553719
1038,1038,3,0,828,1,29.8811345124283,0,0,650,8.05,186,2,160.8099173553719
1039,1039,3,1,830,0,29.8811345124283,0,0,576,7.7333,186,1,160.8099173553719
1040,1040,3,1,831,0,24.0,0,0,660,7.75,186,1,160.8099173553719
1041,1041,3,0,832,1,29.8811345124283,0,0,707,8.05,186,2,160.8099173553719
1042,1042,3,1,833,0,29.8811345124283,1,0,612,15.5,186,1,160.8099173553719
1043,1043,3,1,834,0,29.8811345124283,1,0,612,15.5,186,1,160.8099173553719
1044,1044,3,1,835,0,29.8811345124283,0,0,606,15.5,186,1,160.8099173553719
1045,1045,3,0,836,1,18.0,0,0,455,7.75,186,2,160.8099173553719
1046,1046,3,0,838,1,22.0,0,0,489,7.8958,186,2,160.8099173553719
1047,1047,3,1,839,0,15.0,0,0,261,7.225,186,0,160.8099173553719
1048,1048,3,1,840,0,1.0,0,2,247,15.7417,186,0,160.8099173553719
1049,1049,3,1,841,1,20.0,1,1,247,15.7417,186,0,160.8099173553719
1050,1050,3,1,842,0,19.0,1,1,247,15.7417,186,0,160.8099173553719
1051,1051,3,0,843,1,33.0,0,0,708,8.05,186,2,160.8099173553719
1052,1052,3,0,844,1,29.8811345124283,0,0,501,7.8958,186,2,160.8099173553719
1053,1053,3,0,845,1,29.8811345124283,0,0,246,7.2292,186,0,160.8099173553719
1054,1054,3,0,849,0,29.8811345124283,0,0,605,7.75,186,1,160.8099173553719
1055,1055,3,0,853,1,29.8811345124283,0,0,517,7.8958,186,2,160.8099173553719
1056,1056,3,1,861,1,12.0,1,0,245,11.2417,186,0,160.8099173553719
1057,1057,3,1,862,0,14.0,1,0,245,11.2417,186,0,160.8099173553719
1058,1058,3,0,863,0,29.0,0,0,337,7.925,186,2,160.8099173553719
1059,1059,3,0,864,1,28.0,0,0,586,8.05,186,2,160.8099173553719
1060,1060,3,1,865,0,18.0,0,0,443,7.775,186,2,160.8099173553719
1061,1061,3,1,866,0,26.0,0,0,475,7.8542,186,2,160.8099173553719
1062,1062,3,0,867,1,21.0,0,0,570,7.8542,186,2,160.8099173553719
1063,1063,3,0,868,1,41.0,0,0,886,7.125,186,2,160.8099173553719
1064,1064,3,1,869,1,39.0,0,0,906,7.925,186,2,160.8099173553719
1065,1065,3,0,871,1,21.0,0,0,718,7.8,186,2,160.8099173553719
1066,1066,3,0,873,1,28.5,0,0,292,7.2292,186,0,181.0
1067,1067,3,1,875,0,22.0,0,0,458,7.75,186,2,160.8099173553719
1068,1068,3,0,876,1,61.0,0,0,413,6.2375,186,2,160.8099173553719
1069,1069,3,0,877,1,29.8811345124283,1,0,633,15.5,186,1,160.8099173553719
1070,1070,3,0,878,1,29.8811345124283,0,0,390,7.8292,186,1,160.8099173553719
1071,1071,3,1,879,0,29.8811345124283,1,0,633,15.5,186,1,160.8099173553719
1072,1072,3,0,880,1,29.8811345124283,0,0,392,7.7333,186,1,160.8099173553719
1073,1073,3,0,881,1,29.8811345124283,0,0,644,7.75,186,1,160.8099173553719
1074,1074,3,0,882,1,29.8811345124283,0,0,607,7.75,186,1,160.8099173553719
1075,1075,3,0,889,1,23.0,0,0,690,9.225,186,2,160.8099173553719
1076,1076,3,0,883,0,29.8811345124283,0,0,599,7.75,186,1,160.8099173553719
1077,1077,3,1,884,0,29.8811345124283,0,0,100,7.75,186,1,160.8099173553719
1078,1078,3,1,885,0,29.8811345124283,0,0,385,7.8792,186,1,160.8099173553719
1079,1079,3,1,890,0,22.0,0,0,461,7.775,186,2,160.8099173553719
1080,1080,3,1,886,1,29.8811345124283,0,0,618,7.75,186,1,160.8099173553719
1081,1081,3,1,887,0,29.8811345124283,0,0,377,7.8292,186,1,160.8099173553719
1082,1082,3,1,892,1,9.0,0,1,741,3.1708,186,2,160.8099173553719
1083,1083,3,0,893,1,28.0,0,0,743,22.525,186,2,173.0
1084,1084,3,0,894,1,42.0,0,1,677,8.4042,186,2,160.8099173553719
1085,1085,3,0,895,1,29.8811345124283,0,0,786,7.3125,186,2,160.8099173553719
1086,1086,3,0,896,0,31.0,0,0,567,7.8542,186,2,160.8099173553719
1087,1087,3,0,897,1,28.0,0,0,469,7.8542,186,2,160.8099173553719
1088,1088,3,1,898,1,32.0,0,0,456,7.775,186,2,160.8099173553719
1089,1089,3,0,899,1,20.0,0,0,684,9.225,186,2,89.0
1090,1090,3,0,901,0,23.0,0,0,349,8.6625,186,2,160.8099173553719
1091,1091,3,0,902,0,20.0,0,0,360,8.6625,186,2,160.8099173553719
1092,1092,3,0,903,1,20.0,0,0,358,8.6625,186,2,160.8099173553719
1093,1093,3,0,904,1,16.0,0,0,691,9.2167,186,2,160.8099173553719
1094,1094,3,1,905,0,31.0,0,0,527,8.6833,186,2,160.8099173553719
1095,1095,3,0,888,0,29.8811345124283,0,0,374,7.6292,186,1,160.8099173553719
1096,1096,3,0,914,1,2.0,3,1,541,21.075,186,2,4.0
1097,1097,3,0,915,1,6.0,3,1,541,21.075,186,2,160.8099173553719
1098,1098,3,0,916,0,3.0,3,1,541,21.075,186,2,160.8099173553719
1099,1099,3,0,917,0,8.0,3,1,541,21.075,186,2,160.8099173553719
1100,1100,3,0,918,0,29.0,0,4,541,21.075,186,2,206.0
1101,1101,3,0,919,1,1.0,4,1,335,39.6875,186,2,160.8099173553719
1102,1102,3,0,920,1,7.0,4,1,335,39.6875,186,2,160.8099173553719
1103,1103,3,0,921,1,2.0,4,1,335,39.6875,186,2,160.8099173553719
1104,1104,3,0,922,1,16.0,4,1,335,39.6875,186,2,160.8099173553719
1105,1105,3,0,923,1,14.0,4,1,335,39.6875,186,2,160.8099173553719
1106,1106,3,0,924,0,41.0,0,5,335,39.6875,186,2,160.8099173553719
1107,1107,3,0,930,1,21.0,0,0,361,8.6625,186,2,160.8099173553719
1108,1108,3,0,931,1,19.0,0,0,577,14.5,186,2,160.8099173553719
1109,1109,3,0,932,1,29.8811345124283,0,0,401,8.7125,186,0,160.8099173553719
1110,1110,3,0,933,1,32.0,0,0,525,7.8958,186,2,160.8099173553719
1111,1111,3,0,935,1,0.75,1,1,883,13.775,186,2,160.8099173553719
1112,1112,3,0,936,0,3.0,1,1,883,13.775,186,2,160.8099173553719
1113,1113,3,0,937,0,26.0,0,2,883,13.775,186,2,160.8099173553719
1114,1114,3,0,938,1,29.8811345124283,0,0,410,7.0,186,2,160.8099173553719
1115,1115,3,0,941,1,29.8811345124283,0,0,414,7.775,186,2,160.8099173553719
1116,1116,3,0,942,1,29.8811345124283,0,0,726,8.05,186,2,160.8099173553719
1117,1117,3,0,943,1,21.0,0,0,910,7.925,186,2,160.8099173553719
1118,1118,3,0,944,1,25.0,0,0,907,7.925,186,2,160.8099173553719
1119,1119,3,0,948,1,22.0,0,0,723,7.25,186,2,160.8099173553719
1120,1120,3,1,951,1,25.0,1,0,460,7.775,186,2,160.8099173553719
1121,1121,3,1,953,1,29.8811345124283,1,1,262,22.3583,186,0,160.8099173553719
1122,1122,3,1,954,0,29.8811345124283,1,1,262,22.3583,177,0,160.8099173553719
1123,1123,3,1,955,0,29.8811345124283,0,2,262,22.3583,186,0,160.8099173553719
1124,1124,3,0,956,0,29.8811345124283,0,0,383,8.1375,186,1,160.8099173553719
1125,1125,3,0,957,1,24.0,0,0,404,8.05,186,2,160.8099173553719
1126,1126,3,0,958,0,28.0,0,0,528,7.8958,186,2,160.8099173553719
1127,1127,3,0,959,1,19.0,0,0,495,7.8958,186,2,160.8099173553719
1128,1128,3,0,960,1,29.8811345124283,0,0,498,7.8958,186,2,160.8099173553719
1129,1129,3,0,961,1,25.0,1,0,453,7.775,186,2,160.8099173553719
1130,1130,3,0,962,0,18.0,0,0,463,7.775,186,2,160.8099173553719
1131,1131,3,1,967,1,32.0,0,0,884,8.05,147,2,160.8099173553719
1132,1132,3,0,969,1,29.8811345124283,0,0,510,7.8958,186,2,160.8099173553719
1133,1133,3,0,970,1,17.0,0,0,359,8.6625,186,2,160.8099173553719
1134,1134,3,0,971,1,24.0,0,0,356,8.6625,186,2,160.8099173553719
1135,1135,3,0,980,1,29.8811345124283,0,0,506,7.8958,186,2,160.8099173553719
1136,1136,3,0,981,0,29.8811345124283,0,0,682,8.1125,186,2,160.8099173553719
1137,1137,3,0,982,1,29.8811345124283,0,0,237,7.2292,186,0,160.8099173553719
1138,1138,3,0,983,1,29.8811345124283,0,0,581,7.25,186,2,160.8099173553719
1139,1139,3,0,985,1,38.0,0,0,532,7.8958,186,2,160.8099173553719
1140,1140,3,0,990,1,21.0,0,0,405,8.05,186,2,160.8099173553719
1141,1141,3,0,992,1,10.0,4,1,659,29.125,186,1,160.8099173553719
1142,1142,3,0,993,1,4.0,4,1,659,29.125,186,1,160.8099173553719
1143,1143,3,0,994,1,7.0,4,1,659,29.125,186,1,160.8099173553719
1144,1144,3,0,995,1,2.0,4,1,659,29.125,186,1,160.8099173553719
1145,1145,3,0,996,1,8.0,4,1,659,29.125,186,1,160.8099173553719
1146,1146,3,0,997,0,39.0,0,5,659,29.125,186,1,327.0
1147,1147,3,0,1003,0,22.0,0,0,335,39.6875,186,2,160.8099173553719
1148,1148,3,0,1005,1,35.0,0,0,899,7.125,186,2,160.8099173553719
1149,1149,3,1,1006,0,29.8811345124283,0,0,394,7.7208,186,1,160.8099173553719
1150,1150,3,0,1007,1,29.8811345124283,0,0,587,14.5,186,2,160.8099173553719
1151,1151,3,0,1008,0,29.8811345124283,0,0,587,14.5,186,2,160.8099173553719
1152,1152,3,0,1011,1,50.0,1,0,735,14.5,186,2,119.0
1153,1153,3,0,1012,0,47.0,1,0,735,14.5,186,2,7.0
1154,1154,3,0,1015,1,29.8811345124283,0,0,840,8.05,186,2,160.8099173553719
1155,1155,3,0,1017,1,29.8811345124283,0,0,343,7.775,186,2,160.8099173553719
1156,1156,3,0,1019,0,2.0,1,1,632,20.2125,186,2,160.8099173553719
1157,1157,3,0,1020,1,18.0,1,1,632,20.2125,186,2,160.8099173553719
1158,1158,3,0,1021,0,41.0,0,2,632,20.2125,186,2,160.8099173553719
1159,1159,3,1,1025,0,29.8811345124283,0,0,406,8.05,186,2,160.8099173553719
1160,1160,3,0,1029,1,50.0,0,0,729,8.05,186,2,160.8099173553719
1161,1161,3,0,1032,1,16.0,0,0,716,8.05,186,2,160.8099173553719
1162,1162,3,1,1033,1,29.8811345124283,0,0,663,7.75,186,1,160.8099173553719
1163,1163,3,0,1034,1,29.8811345124283,0,0,646,24.15,186,1,160.8099173553719
1164,1164,3,0,1040,1,29.8811345124283,0,0,266,7.2292,186,0,160.8099173553719
1165,1165,3,0,1041,1,25.0,0,0,267,7.225,186,0,160.8099173553719
1166,1166,3,0,1042,1,29.8811345124283,0,0,271,7.225,186,0,160.8099173553719
1167,1167,3,0,1044,1,29.8811345124283,0,0,615,7.7292,186,1,160.8099173553719
1168,1168,3,0,1045,1,29.8811345124283,0,0,788,7.575,186,2,160.8099173553719
1169,1169,3,0,1046,1,38.5,0,0,872,7.25,186,2,32.0
1170,1170,3,0,1047,1,29.8811345124283,8,2,778,69.55,186,2,160.8099173553719
1171,1171,3,0,1048,1,14.5,8,2,778,69.55,186,2,67.0
1172,1172,3,0,1049,0,29.8811345124283,8,2,778,69.55,186,2,160.8099173553719
1173,1173,3,0,1050,0,29.8811345124283,8,2,778,69.55,186,2,160.8099173553719
1174,1174,3,0,1051,0,29.8811345124283,8,2,778,69.55,186,2,160.8099173553719
1175,1175,3,0,1052,0,29.8811345124283,8,2,778,69.55,186,2,160.8099173553719
1176,1176,3,0,1053,1,29.8811345124283,8,2,778,69.55,186,2,160.8099173553719
1177,1177,3,0,1054,1,29.8811345124283,8,2,778,69.55,186,2,160.8099173553719
1178,1178,3,0,1055,1,29.8811345124283,8,2,778,69.55,186,2,160.8099173553719
1179,1179,3,0,1056,1,29.8811345124283,1,9,778,69.55,186,2,160.8099173553719
1180,1180,3,0,1057,0,29.8811345124283,1,9,778,69.55,186,2,160.8099173553719
1181,1181,3,0,1059,1,24.0,0,0,689,9.325,186,2,160.8099173553719
1182,1182,3,1,1060,0,21.0,0,0,409,7.65,186,2,160.8099173553719
1183,1183,3,0,1062,1,39.0,0,0,336,7.925,186,2,160.8099173553719
1184,1184,3,0,1063,1,29.8811345124283,2,0,256,21.6792,186,0,160.8099173553719
1185,1185,3,0,1064,1,29.8811345124283,2,0,256,21.6792,186,0,160.8099173553719
1186,1186,3,0,1065,1,29.8811345124283,2,0,256,21.6792,186,0,160.8099173553719
1187,1187,3,1,1066,0,1.0,1,1,839,16.7,184,2,160.8099173553719
1188,1188,3,1,1068,0,24.0,0,2,839,16.7,184,2,160.8099173553719
1189,1189,3,1,1067,0,4.0,1,1,839,16.7,184,2,160.8099173553719
1190,1190,3,1,1069,1,25.0,0,0,421,9.5,186,2,160.8099173553719
1191,1191,3,0,1070,1,20.0,0,0,733,8.05,186,2,160.8099173553719
1192,1192,3,0,1071,1,24.5,0,0,407,8.05,186,2,284.0
1193,1193,3,0,1072,1,29.8811345124283,0,0,580,7.725,186,1,160.8099173553719
1194,1194,3,0,1075,1,29.8811345124283,0,0,505,7.8958,186,2,160.8099173553719
1195,1195,3,0,1080,1,29.8811345124283,0,0,640,7.75,186,1,160.8099173553719
1196,1196,3,1,1081,1,29.0,0,0,430,9.5,186,2,160.8099173553719
1197,1197,3,0,1082,1,29.8811345124283,0,0,773,15.1,186,2,160.8099173553719
1198,1198,3,1,1084,0,29.8811345124283,0,0,387,7.7792,186,1,160.8099173553719
1199,1199,3,0,1085,1,29.8811345124283,0,0,652,8.05,186,2,160.8099173553719
1200,1200,3,0,1091,1,29.8811345124283,0,0,892,8.05,186,2,160.8099173553719
1201,1201,3,0,1095,1,22.0,0,0,263,7.2292,186,0,160.8099173553719
1202,1202,3,0,1096,1,29.8811345124283,0,0,667,8.05,186,2,160.8099173553719
1203,1203,3,0,1097,1,40.0,0,0,534,7.8958,186,2,160.8099173553719
1204,1204,3,0,1098,1,21.0,0,0,902,7.925,186,2,160.8099173553719
1205,1205,3,1,1099,0,18.0,0,0,328,7.4958,186,2,160.8099173553719
1206,1206,3,0,1101,1,4.0,3,2,464,27.9,186,2,160.8099173553719
1207,1207,3,0,1102,1,10.0,3,2,464,27.9,186,2,160.8099173553719
1208,1208,3,0,1103,0,9.0,3,2,464,27.9,186,2,160.8099173553719
1209,1209,3,0,1104,0,2.0,3,2,464,27.9,186,2,160.8099173553719
1210,1210,3,0,1105,1,40.0,1,4,464,27.9,186,2,160.8099173553719
1211,1211,3,0,1106,0,45.0,1,4,464,27.9,186,2,160.8099173553719
1212,1212,3,0,1107,1,29.8811345124283,0,0,497,7.8958,186,2,160.8099173553719
1213,1213,3,0,1110,1,29.8811345124283,0,0,894,8.05,186,2,160.8099173553719
1214,1214,3,0,1113,1,29.8811345124283,0,0,345,8.6625,186,2,160.8099173553719
1215,1215,3,0,1118,1,29.8811345124283,0,0,664,7.75,186,1,160.8099173553719
1216,1216,3,1,1120,0,29.8811345124283,0,0,396,7.7333,186,1,160.8099173553719
1217,1217,3,0,1124,1,19.0,0,0,482,7.65,179,2,160.8099173553719
1218,1218,3,0,1125,1,30.0,0,0,710,8.05,186,2,160.8099173553719
1219,1219,3,0,1126,1,29.8811345124283,0,0,711,8.05,186,2,160.8099173553719
1220,1220,3,0,1132,1,32.0,0,0,917,8.05,186,2,160.8099173553719
1221,1221,3,0,1134,1,29.8811345124283,0,0,491,7.8958,186,2,160.8099173553719
1222,1222,3,0,1135,1,33.0,0,0,522,8.6625,186,0,160.8099173553719
1223,1223,3,1,1136,0,23.0,0,0,777,7.55,186,2,160.8099173553719
1224,1224,3,0,1137,1,21.0,0,0,713,8.05,186,2,160.8099173553719
1225,1225,3,0,1146,1,60.5,0,0,631,33.29547928134572,186,2,261.0
1226,1226,3,0,1147,1,19.0,0,0,488,7.8958,186,2,160.8099173553719
1227,1227,3,0,1148,0,22.0,0,0,698,9.8375,186,2,160.8099173553719
1228,1228,3,1,1149,1,31.0,0,0,905,7.925,186,2,160.8099173553719
1229,1229,3,0,1152,1,27.0,0,0,347,8.6625,186,2,160.8099173553719
1230,1230,3,0,1153,0,2.0,0,1,436,10.4625,184,2,160.8099173553719
1231,1231,3,0,1154,0,29.0,1,1,436,10.4625,184,2,160.8099173553719
1232,1232,3,1,1155,1,16.0,0,0,895,8.05,186,2,160.8099173553719
1233,1233,3,1,1156,1,44.0,0,0,898,7.925,186,2,160.8099173553719
1234,1234,3,0,1157,1,25.0,0,0,891,7.05,186,2,160.8099173553719
1235,1235,3,0,1159,1,74.0,0,0,437,7.775,186,2,160.8099173553719
1236,1236,3,1,1160,1,14.0,0,0,692,9.225,186,2,160.8099173553719
1237,1237,3,0,1161,1,24.0,0,0,550,7.7958,186,2,160.8099173553719
1238,1238,3,1,1170,1,25.0,0,0,548,7.7958,186,2,160.8099173553719
1239,1239,3,0,1174,1,34.0,0,0,584,8.05,186,2,176.0
1240,1240,3,1,1175,1,0.4167,0,1,233,8.5167,186,0,160.8099173553719
1241,1241,3,0,1176,1,29.8811345124283,1,0,229,6.4375,186,0,160.8099173553719
1242,1242,3,0,1177,1,29.8811345124283,0,0,276,6.4375,186,0,160.8099173553719
1243,1243,3,0,1178,1,29.8811345124283,0,0,279,7.225,186,0,160.8099173553719
1244,1244,3,1,1179,0,16.0,1,1,233,8.5167,186,0,160.8099173553719
1245,1245,3,0,1180,1,29.8811345124283,0,0,367,8.05,186,2,160.8099173553719
1246,1246,3,0,1182,1,29.8811345124283,1,0,654,16.1,186,2,160.8099173553719
1247,1247,3,1,1183,0,29.8811345124283,1,0,654,16.1,186,2,160.8099173553719
1248,1248,3,0,1184,1,32.0,0,0,909,7.925,186,2,160.8099173553719
1249,1249,3,0,1185,1,29.8811345124283,0,0,661,7.75,182,1,160.8099173553719
1250,1250,3,0,1186,1,29.8811345124283,0,0,499,7.8958,186,2,160.8099173553719
1251,1251,3,0,1187,1,30.5,0,0,588,8.05,186,2,50.0
1252,1252,3,0,1189,1,44.0,0,0,591,8.05,186,2,160.8099173553719
1253,1253,3,0,1190,1,29.8811345124283,0,0,268,7.2292,186,0,160.8099173553719
1254,1254,3,1,1191,1,25.0,0,0,787,0.0,186,2,160.8099173553719
1255,1255,3,0,1192,1,29.8811345124283,0,0,240,7.2292,186,0,160.8099173553719
1256,1256,3,1,1193,1,7.0,1,1,244,15.2458,186,0,160.8099173553719
1257,1257,3,1,1194,0,9.0,1,1,244,15.2458,186,0,160.8099173553719
1258,1258,3,1,1195,0,29.0,0,2,244,15.2458,186,0,160.8099173553719
1259,1259,3,0,1200,1,36.0,0,0,530,7.8958,186,2,160.8099173553719
1260,1260,3,1,1201,0,18.0,0,0,676,9.8417,186,2,160.8099173553719
1261,1261,3,1,1202,0,63.0,0,0,672,9.5875,186,2,160.8099173553719
1262,1262,3,0,1303,1,29.8811345124283,1,1,736,14.5,186,2,160.8099173553719
1263,1263,3,0,1304,1,11.5,1,1,736,14.5,186,2,1.0
1264,1264,3,0,1305,1,40.5,0,2,736,14.5,186,2,255.0
1265,1265,3,0,1206,0,10.0,0,2,425,24.15,186,2,160.8099173553719
1266,1266,3,0,1207,1,36.0,1,1,425,24.15,186,2,160.8099173553719
1267,1267,3,0,1208,0,30.0,1,1,425,24.15,186,2,160.8099173553719
1268,1268,3,0,1306,1,29.8811345124283,0,0,428,9.5,186,2,160.8099173553719
1269,1269,3,0,1210,1,33.0,0,0,431,9.5,186,2,160.8099173553719
1270,1270,3,0,1211,1,28.0,0,0,423,9.5,186,2,160.8099173553719
1271,1271,3,0,1212,1,28.0,0,0,433,9.5,186,2,160.8099173553719
1272,1272,3,0,1213,1,47.0,0,0,419,9.0,186,2,160.8099173553719
1273,1273,3,0,1214,0,18.0,2,0,418,18.0,186,2,160.8099173553719
1274,1274,3,0,1215,1,31.0,3,0,417,18.0,186,2,160.8099173553719
1275,1275,3,0,1216,1,16.0,2,0,418,18.0,186,2,160.8099173553719
1276,1276,3,0,1217,0,31.0,1,0,417,18.0,186,2,160.8099173553719
1277,1277,3,1,1218,1,22.0,0,0,252,7.225,186,0,160.8099173553719
1278,1278,3,0,1220,1,20.0,0,0,571,7.8542,186,2,160.8099173553719
1279,1279,3,0,1221,0,14.0,0,0,566,7.8542,186,2,160.8099173553719
1280,1280,3,0,1222,1,22.0,0,0,535,7.8958,186,2,160.8099173553719
1281,1281,3,0,1223,1,22.0,0,0,420,9.0,186,2,160.8099173553719
1282,1282,3,0,1227,1,29.8811345124283,0,0,579,8.05,186,2,160.8099173553719
1283,1283,3,0,1231,1,29.8811345124283,0,0,771,7.55,186,2,160.8099173553719
1284,1284,3,0,1238,1,29.8811345124283,0,0,889,8.05,186,2,160.8099173553719
1285,1285,3,0,1245,1,32.5,0,0,427,9.5,186,2,298.0
1286,1286,3,1,1250,0,38.0,0,0,283,7.2292,186,0,160.8099173553719
1287,1287,3,0,1259,1,51.0,0,0,441,7.75,186,2,160.8099173553719
1288,1288,3,0,1263,1,18.0,1,0,330,6.4958,186,2,314.0
1289,1289,3,0,1264,1,21.0,1,0,329,6.4958,186,2,160.8099173553719
1290,1290,3,1,1266,0,47.0,1,0,582,7.0,186,2,160.8099173553719
1291,1291,3,0,1268,1,29.8811345124283,0,0,400,8.7125,186,2,160.8099173553719
1292,1292,3,0,1269,1,29.8811345124283,0,0,845,7.55,186,2,160.8099173553719
1293,1293,3,0,1272,1,29.8811345124283,0,0,725,8.05,186,2,160.8099173553719
1294,1294,3,0,1273,1,28.5,0,0,678,16.1,186,2,14.0
1295,1295,3,0,1277,1,21.0,0,0,890,7.25,186,2,160.8099173553719
1296,1296,3,0,1278,1,27.0,0,0,366,8.6625,186,2,131.0
1297,1297,3,0,1279,1,29.8811345124283,0,0,717,7.25,186,2,160.8099173553719
1298,1298,3,0,1280,1,36.0,0,0,424,9.5,186,2,160.8099173553719
1299,1299,3,0,1284,1,27.0,1,0,253,14.4542,186,0,160.8099173553719
1300,1300,3,1,1285,0,15.0,1,0,253,14.4542,186,0,160.8099173553719
1301,1301,3,0,1287,1,45.5,0,0,236,7.225,186,0,312.0
1302,1302,3,0,1288,1,29.8811345124283,0,0,241,7.225,186,0,160.8099173553719
1303,1303,3,0,1289,1,29.8811345124283,0,0,235,14.4583,186,0,160.8099173553719
1304,1304,3,0,1291,0,14.5,1,0,259,14.4542,186,0,328.0
1305,1305,3,0,1292,0,29.8811345124283,1,0,259,14.4542,186,0,160.8099173553719
1306,1306,3,0,1293,1,26.5,0,0,250,7.225,186,0,304.0
1307,1307,3,0,1294,1,27.0,0,0,264,7.225,186,0,160.8099173553719
1308,1308,3,0,1295,1,29.0,0,0,346,7.875,186,2,160.8099173553719
